province;red;green;blue;x;x
1;52;70;171;Donegal
2;109;21;121;Londonderry
3;75;233;94;Belfast
4;215;183;78;Westport
5;63;210;71;Sligo
6;73;197;249;Armagh
7;6;36;37;Newry
8;3;197;166;Galway
9;53;173;151;Roscommon
10;62;172;76;Kildare
11;224;130;146;Drogheda
12;2;180;252;Dublin
13;37;233;200;Kilrush
14;74;24;160;Nenagh
15;70;139;245;Wicklow
16;46;147;127;Killarney
17;188;190;21;Limerick
18;203;205;97;Waterford
19;126;87;208;Cork
20;18;16;50;Kirkwall
21;65;93;213;Wick
22;176;230;81;Ullapool
23;189;141;184;Stornoway
24;224;170;29;Portree
25;14;140;172;Lochalsh
26;174;236;71;Cromarty
27;169;41;59;Inverness
28;251;78;14;Banff
29;178;26;170;Mallaig
30;136;84;113;Fort Augustus
31;124;19;217;Balmoral
32;126;33;227;Aberdeen
33;150;28;159;Campbelltown
34;114;58;47;Perth
35;176;138;25;Dundee
36;224;182;112;Inveraray
37;47;3;97;Edinburgh
38;116;129;117;Dunbar
39;65;95;148;Glasgow
40;178;142;224;Stranraer
41;199;117;53;Dumfries
42;230;48;197;Peebles
43;117;245;48;Hawick
44;82;220;194;Stirling
45;213;6;63;Newcastle
46;1;39;181;Carlisle
47;67;39;75;Cumberland
48;201;167;144;Sunderland
49;225;174;9;Douglas
50;107;37;1;Preston
51;59;220;16;Leeds
52;169;53;205;York
53;252;41;12;Hull
54;243;30;55;Caernavon
55;9;151;204;Liverpool
56;254;196;182;Manchester
57;199;5;93;Sheffield
58;67;218;234;Lincoln
59;125;176;97;Pembroke
60;87;160;130;Aberystwyth
61;7;157;91;Shrewsbury
62;162;242;127;Cardiff
63;51;112;176;Newtown
64;204;118;43;Hereford
65;200;222;110;Stafford
66;225;15;121;Nottingham
67;184;250;55;Birmingham
68;49;5;208;Coventry
69;38;204;222;Leicester
70;56;121;103;Peterborough
71;81;9;154;Norwich
72;56;22;167;Gloucester
73;120;233;184;Bedford
74;65;10;89;London
75;64;108;94;Yarmouth
76;193;207;116;Colchester
77;62;104;184;Falmouth
78;10;83;228;Plymouth
79;171;106;148;Bideford
80;40;80;156;Exeter
81;119;37;84;Bristol
82;40;45;190;Reading
83;10;229;176;Portsmouth
84;158;148;196;Chatham
85;163;124;199;Worthing
86;231;134;223;Dover
87;28;88;90;Lagos
88;173;188;253;Beira
89;71;235;60;Evora
90;131;137;57;Setubal
91;128;147;95;Elvas
92;174;146;134;Lisboa
93;249;126;247;Santarem
94;110;16;254;Castelo Branco
95;209;101;167;Viseu
96;93;105;22;Coimbra
97;27;16;162;Guarda
98;177;104;125;Oporto
99;83;242;70;Villa Real
100;128;73;185;Braga
101;248;92;149;Vigo
102;83;107;123;Compostella
103;46;254;140;La Coruña
104;150;107;76;Lugo
105;164;224;65;Ponferrada
106;209;221;57;Orense
107;69;231;60;Oviedo
108;155;7;106;Gijon
109;64;141;154;Reinosa
110;179;42;235;Astorga
111;139;131;187;Zamora
112;215;109;6;León
113;231;66;164;Almeida
114;25;92;225;Ciudad Rodrigo
115;251;202;99;Salamanca
116;201;120;129;Valladolid
117;41;35;253;Palencia
118;107;127;27;Medina Del Campo
119;18;76;214;Burgos
120;15;68;101;Cea
121;8;182;131;Santander
122;25;62;135;Bilbao
123;213;122;116;Miranda
124;109;60;148;Vitoria
125;148;214;7;Logrono
126;92;211;205;Arga
127;131;190;198;San Sebastián
128;227;121;36;Pamplona
129;23;114;10;Gibraltar
130;26;89;159;Cádiz
131;177;105;23;Jerez
132;205;109;179;Ronda
133;188;28;151;Sevilla
134;197;82;159;Baylen
135;19;96;3;Belmez
136;19;222;96;Córdoba
137;232;107;39;Granada
138;100;146;217;Malaga
139;194;176;42;Almeria
140;106;56;62;Baza
141;4;47;134;Cuevas
142;143;118;200;Cartagena
143;42;225;228;Alicante
144;176;31;107;Cieza
145;226;106;227;Andujar
146;148;101;237;Huelva
147;99;32;23;Nerva
148;71;103;171;Zafra
149;193;38;224;Cabeza
150;156;163;242;Badajoz
151;67;51;251;Almaden
152;133;73;154;Mérida
153;199;22;174;Caceres
154;232;123;106;Alcantara
155;221;72;33;Bejar
156;63;243;100;Avila
157;27;1;72;Talavera
158;27;172;9;Trujilo
159;176;140;85;Almodovar
160;83;101;25;Orgaz
161;139;8;172;Ciudad Real
162;144;56;134;Toledo
163;70;146;184;Tomelloso
164;82;152;136;Valencia
165;199;180;57;Albacete
166;206;106;2;Cuenca
167;119;139;211;Requena
168;45;3;179;Castellon
169;36;218;7;Aranjuez
170;252;74;242;Madrid
171;62;78;196;Somosierra
172;248;93;199;Ocana
173;236;71;95;Guadalajara
174;108;70;184;Brihuega
175;17;51;122;Teruel
176;195;197;174;Atienza
177;85;62;62;Soria
178;52;61;168;Siguenza
179;208;187;248;Tarazona
180;113;41;46;Zaragoza
181;227;207;227;Calatayud
182;220;206;184;Tortosa
183;72;9;190;Alcaniz
184;180;253;144;Jaca
185;131;250;122;Tudela
186;28;7;182;Lérida
187;60;37;36;Huesca
188;15;84;238;Andorra
189;18;149;192;Manresa
190;152;71;13;Urgel
191;4;29;217;Tarragona
192;221;47;243;Villanueva
193;134;19;215;Barcelona
194;204;150;23;Ribas
195;191;230;122;Gerona
196;137;52;65;Palma
197;174;19;12;Port Mahon
198;237;49;14;Calatrava
199;21;29;23;Bayonne
200;170;164;89;Lourdes
201;113;195;186;Pau
202;227;106;121;Mont de Marsan
203;117;132;237;Tarbes
204;84;173;35;Bordeaux
205;161;16;73;Medoc
206;88;228;57;Auch
207;10;101;33;Toulouse
208;100;3;242;Prades
209;107;159;30;Perpignan
210;204;25;24;Carcassonne
211;21;180;125;Montpellier
212;228;198;48;Castres
213;69;171;186;Montauban
214;202;32;246;Albi
215;251;14;88;Agen
216;129;209;121;Libourne
217;121;153;222;Cahors
218;25;226;131;Bergerac
219;205;118;123;Perigeux
220;8;52;111;Angouleme
221;61;112;179;Rochefort
222;7;141;118;La Rochelle
223;100;251;29;Niort
224;248;23;248;Nantes
225;83;21;23;Angers
226;199;75;117;Tours
227;19;28;233;Poitiers
228;48;230;39;Chateauroux
229;71;95;226;Limoges
230;225;97;114;Blois
231;227;243;36;La Ferte
232;142;214;161;Gien
233;47;244;95;Bourges
234;160;149;160;Montlucon
235;107;91;196;Gueret
236;198;162;166;Tulle
237;7;4;165;Ussel
238;162;222;5;Moulins
239;29;166;192;Clermont
240;38;180;152;Montbrison
241;146;178;46;Le Puy
242;119;106;127;Saint Flour
243;66;98;79;Aurillac
244;123;137;27;Mende
245;216;130;89;Rodez
246;69;238;124;Millau
247;119;191;62;Aubenas
248;14;118;197;Nimes
249;39;100;26;Ales
250;134;87;36;Privas
251;182;226;104;Marseille
252;149;172;93;Aix
253;164;170;164;Toulon
254;209;173;37;Frejus
255;251;250;37;Nice
256;86;154;166;Gap
257;129;208;51;Digne
258;183;104;9;Manosque
259;110;39;216;Avignon
260;63;154;194;Valence
261;164;4;211;Briancon
262;170;247;27;Modane
263;33;49;144;Grenoble
264;28;231;30;Vienne
265;249;132;79;Chambery
266;248;178;223;Bourg Saint Maurice
267;96;24;166;Albertville
268;218;243;236;Evian
269;65;219;27;Genève
270;218;1;28;Oyonax
271;147;101;130;Lyon
272;218;251;64;Mâcon
273;121;216;90;Bourg en Bresse
274;138;231;102;Chalons
275;168;89;94;Lons-le-Saulnier
276;82;247;153;Besançon
277;213;95;239;Porrentruy
278;107;219;85;Vesoul
279;19;219;41;Auxonne
280;188;217;39;Autun
281;71;12;165;Beaune
282;76;229;47;Dijon
283;88;81;104;Langres
284;99;21;115;Nevers
285;139;160;87;Auxerre
286;171;20;52;Montargis
287;54;38;56;Troyes
288;232;126;191;Chaumont
289;219;74;58;Orleans
290;20;67;116;Chateaudun
291;69;62;86;Chartres
292;241;118;222;Brest
293;31;170;48;Quimper
294;134;50;54;Saint Brieuc
295;66;46;55;Rennes
296;213;106;159;Vannes
297;175;193;38;Guerande
298;245;226;235;Saint Malo
299;213;65;53;Le Mans
300;93;154;207;Laval
301;182;148;138;Saint-Lô
302;209;86;185;Alencon
303;247;80;202;Caen
304;151;58;202;Evreux
305;13;180;205;Le Havre
306;156;133;144;Rouen
307;217;111;218;Paris
308;193;219;148;Melun
309;177;140;244;Pontoise
310;156;193;205;Beauvais
311;103;99;15;Amiens
312;50;46;140;Abbeville
313;216;131;62;Arras
314;145;83;120;Lille
315;83;230;59;Boulogne
316;92;7;168;Saint Quentin
317;120;233;204;Charleville-Mézières
318;130;107;2;Laon
319;183;203;222;Châlons-sur-Marne
320;228;190;69;Bar-le-Duc
321;113;191;117;Briey
322;146;112;158;Metz
323;70;216;174;Nancy
324;198;226;131;Epinal
325;73;64;138;Strasbourg
326;244;138;49;Mulhouse
327;1;140;43;Bastia
328;127;45;55;Ajaccio
329;109;64;189;Aosta
330;221;141;184;Ivrea
331;141;156;77;Torino
332;87;204;103;Susa
333;13;103;24;Cuneo
334;148;44;94;Fossano
335;20;85;66;Vercelli
336;175;15;90;Alba
337;120;40;243;Savona
338;134;119;5;Genova
339;168;188;53;Chiavari
340;104;61;53;Pisa
341;33;147;27;Stresa
342;120;188;118;Novara
343;79;144;40;Alessandria
344;81;225;43;Milano
345;27;251;220;Parma
346;190;162;23;Bergamo
347;136;11;223;Modena
348;170;89;57;Verona
349;48;99;74;Mantua
350;132;161;42;Padua
351;110;122;224;Treviso
352;188;158;120;Venezia
353;143;183;113;Belluno
354;45;194;172;Udine
355;101;173;116;Trieste
356;117;137;248;Bologna
357;249;235;183;Futa
358;181;189;184;Rimini
359;88;42;197;Ancona
360;29;64;55;Firenze
361;144;209;52;Arezzo
362;57;85;125;Livorno
363;136;50;16;Elba
364;22;6;14;Piombino
365;40;204;38;Sienna
366;115;13;194;Perugia
367;238;161;207;Viterbo
368;180;89;80;Terni
369;43;84;120;Aquila
370;94;49;7;Roma
371;36;150;26;Avezzano
372;32;98;227;Pescara
373;25;64;84;Foggia
374;221;41;26;Bari
375;226;227;234;Gaeta
376;61;167;112;Napoli
377;135;234;190;Benevento
378;121;27;94;Melfi
379;26;98;151;Potenza
380;187;37;155;Taranto
381;183;38;81;Metaponto
382;35;224;139;Cosenza
383;128;2;69;Crotone
384;37;156;216;Reggio di Calabria
385;193;241;248;Olbia
386;25;81;4;Sassari
387;208;177;117;Cagliari
388;250;81;203;Trapani
389;70;26;201;Palermo
390;199;200;186;Messina
391;127;36;158;Enna
392;238;242;48;Agrigento
393;182;136;224;Siracusa
394;204;30;173;Valetta
395;9;69;218;Neuchatel
396;36;249;91;Bienne
397;45;129;88;Basel
398;251;198;231;Saint Gall
399;210;164;155;Zurich
400;124;59;77;Luzern
401;208;156;70;Bern
402;123;103;28;Montreux
403;157;146;122;Brigue
404;3;212;75;Interlaken
405;205;153;212;Locarno
406;235;161;196;Schwyz
407;124;29;16;Feldkirch
408;88;110;17;Bellinzona
409;220;254;95;Coire
410;168;62;227;Saint Moritz
411;103;212;222;Bormio
412;58;192;138;Bruges
413;85;138;166;Courtrai
414;12;152;67;Mons
415;89;109;82;Maubeuge
416;16;122;43;Dinant
417;214;114;24;Luxembourg
418;204;109;73;Bastogne
419;252;29;192;Givet
420;146;97;193;Namur
421;130;115;21;Liege
422;106;231;100;Louvain
423;240;215;141;Bruxelles
424;124;215;241;Ghent
425;187;183;98;Antwerpen
426;162;13;254;Bergen op Zoom
427;141;95;79;Maastricht
428;76;165;42;Breda
429;130;126;145;Venlo
430;1;101;10;Vlissingen
431;74;14;12;Nijmegen
432;24;21;51;Rotterdam
433;88;163;136;Den Haag
434;117;15;10;Amsterdam
435;168;136;132;Den Helder
436;108;93;84;Münster
437;182;236;16;Zwolle
438;4;6;198;Leuwarden
439;180;54;140;Groningen
440;71;101;249;Eupen
441;25;45;120;Aachen
442;117;207;127;Krefeld
443;20;135;119;Koln
444;16;199;254;Bonn
445;140;46;78;Altenahr
446;47;113;173;Cochem
447;160;13;143;Koblenz
448;175;55;109;Trier
449;219;121;24;Mainz
450;3;171;97;Sarrebruck
451;154;98;165;Landau
452;182;36;230;Emden
453;69;226;44;Oldenburg
454;29;150;34;Minden
455;102;230;167;Osnabruck
456;133;189;145;Wesel
457;189;239;146;Hamm
458;1;132;104;Dortmund
459;216;68;74;Paderborn
460;154;62;146;Kassel
461;204;253;245;Arnsberg
462;142;53;164;Siegen
463;28;199;199;Solingen
464;217;132;35;Nassau
465;237;75;169;Wiesbaden
466;36;90;213;Bremerhaven
467;20;140;168;Bremen
468;248;4;39;Stade
469;136;196;183;Delmenhorst
470;192;110;171;Hameln
471;101;113;153;Hannover
472;235;252;97;Verden
473;121;165;6;Luneburg
474;70;214;67;Uelzen
475;1;224;94;Magdeburg
476;104;17;51;Braunschweig
477;36;231;137;Peine
478;186;90;105;Gottingen
479;64;111;196;Nordhausen
480;122;19;225;Bebra
481;30;137;133;Giessen
482;174;225;114;Nauheim
483;152;59;179;Hanau
484;35;64;130;Fulda
485;98;147;225;Aschaffenburg
486;157;145;160;Frankfurt
487;214;46;69;Mannheim
488;16;180;92;Karlsruhe
489;27;5;140;Baden Baden
490;109;43;29;Freiburg
491;236;250;235;Donaueschingen
492;89;61;238;Tubingen
493;241;122;232;Uberlingen
494;243;193;119;Ulm
495;83;5;183;Stuttgart
496;88;108;125;Nordlingen
497;254;181;86;Ansbach
498;156;191;196;Rothenburg
499;240;246;148;Würzburg
500;132;17;45;Bad Kissingen
501;56;232;192;Schweinfurt
502;6;58;65;Bayreuth
503;166;74;173;Nürnberg
504;107;231;181;Furth
505;121;218;67;Ingolstadt
506;192;150;133;Amberg
507;77;135;211;Cham
508;176;179;157;Bregenz
509;32;212;219;Ravensburg
510;32;126;82;Augsburg
511;97;97;247;Memmingen
512;33;142;11;Freising
513;42;102;44;Kaufbeuren
514;11;36;224;Oberammergau
515;43;156;186;Regensburg
516;210;158;31;Starnberg
517;239;238;75;Landshut
518;236;212;206;München
519;126;201;252;Rosenheim
520;93;15;228;Passau
521;111;9;171;Schleswig
522;176;227;146;Kiel
523;12;202;149;Hamburg
524;21;90;215;Lauenburg
525;23;174;13;Lubeck
526;194;215;126;Ludwigshut
527;56;49;3;Rostock
528;100;235;227;Schwerin
529;57;69;120;Parchim
530;57;241;93;Wittenberge
531;147;93;58;Warnemunde
532;40;12;17;Gustrow
533;248;101;93;Stralsund
534;239;5;147;Neustrelitz
535;209;128;128;Neuruppin
536;39;21;168;Stettin
537;215;128;171;Schwedt
538;205;146;219;Berlin
539;92;97;87;Eberswalde
540;146;9;249;Burg
541;198;79;10;Luckenwalde
542;12;74;134;Frankfurt an der Oder
543;108;241;115;Eisenach
544;150;106;168;Finsterwalde
545;204;17;22;Cottbus
546;140;196;83;Dessau
547;192;188;200;Mulhausen
548;2;104;131;Halberstadt
549;68;159;184;Torgau
550;75;156;217;Erfurt
551;212;26;167;Halle
552;239;90;253;Leipzig
553;151;76;140;Saalfeld
554;209;211;126;Jena
555;179;57;226;Chemnitz
556;151;141;39;Dresden
557;160;147;69;Plauen
558;200;132;245;Aue
559;85;249;15;Grossberen
560;18;100;57;Bautzen
561;137;155;61;Gorlitz
562;142;230;98;Hoyerswerda
563;138;149;196;Grunberg
564;64;188;186;Glogau
565;68;131;3;Liegnitz
566;222;168;241;Hirschberg
567;129;19;9;Breslau
568;194;178;43;Brieg
569;146;135;249;Oppeln
570;149;143;28;Wollin
571;205;148;167;Stargard
572;248;168;66;Neumark
573;156;238;22;Kustrin
574;111;105;98;Kolberg
575;13;112;186;Kosslin
576;16;166;187;Stolp
577;22;203;142;Puck
578;234;90;173;Neustettin
579;13;19;46;Schneidemuhl
580;42;5;187;Kreiss
581;241;142;192;Landsberg
582;53;102;47;Grunwald
583;147;188;91;Ganz
584;142;103;182;Schwarzberg
585;178;99;8;Warten
586;25;94;214;Tuchs
587;167;12;181;Starogard
588;236;17;243;Chelmnitz
589;53;101;180;Bromberg
590;22;19;94;Gnesen
591;114;80;131;Posen
592;178;116;155;Leisen
593;29;155;14;Bratz
594;117;208;218;Kalisch
595;167;181;167;Konin
596;103;46;84;Kutno
597;115;69;231;Lodz
598;141;62;125;Klozberg
599;35;52;110;Kossel
600;228;36;43;Gleiwitz
601;125;144;89;Weiden
602;132;136;195;Karlsbad
603;17;108;172;Most
604;103;143;66;Zwiesel
605;120;200;132;Strakonice
606;41;105;151;Pilsen
607;254;131;135;Beroun
608;79;26;34;Pribram
609;32;182;22;Pisek
610;254;83;121;Ceske
611;8;28;17;Ilz
612;208;230;52;Dezin
613;106;235;121;Zittau
614;179;144;111;Königgrätz
615;57;72;98;Kolin
616;29;32;59;Litmerz
617;12;41;206;Prag
618;232;74;45;Jens
619;97;90;155;Tabor
620;183;156;191;Krems
621;247;15;113;Stockerau
622;152;96;73;Dienstadt
623;220;252;111;Igglau
624;96;103;149;Austerlitz
625;5;39;13;Welsen
626;251;21;143;Pardubice
627;122;164;70;Klostzen
628;133;16;109;Littau
629;139;52;68;Reichenau
630;16;129;87;Brunn
631;105;71;228;Wagram
632;78;196;119;Pressburg
633;46;219;233;Zistersdorf
634;161;225;235;Gottwald
635;68;106;180;Olmutz
636;45;76;20;Innsbruck
637;151;149;199;Landeck
638;235;171;16;Serfaus
639;25;128;139;Trente
640;9;187;153;Cavalese
641;95;239;240;Bozen
642;201;118;121;Brixen
643;149;149;11;Kufstein
644;243;20;39;Mayrhofen
645;235;44;168;Cortina
646;110;178;123;Tolmezzo
647;52;75;143;Lienz
648;115;147;128;Kitzbuhl
649;114;22;221;Salzburg
650;185;57;166;Linz
651;126;35;178;Steyr
652;80;242;9;Bad Ischl
653;254;69;47;Badgastein
654;19;152;133;Amstetten
655;98;31;84;Wien
656;3;97;193;Leoben
657;146;153;122;Wiener Neustadt
658;216;72;108;Graz
659;146;171;58;Knittelfeld
660;168;82;91;Velden
661;70;19;18;Klagenfurt
662;97;154;75;Villach
663;249;221;63;Bled
664;137;32;92;Laibach
665;140;243;100;Idrija
666;133;136;159;Cerknica
667;61;251;20;Pula
668;49;125;77;Fiume
669;123;58;77;Senj
670;191;70;107;Karlobag
671;79;95;137;Agram
672;14;181;4;Novo Mesto
673;34;90;227;Karlstadt
674;221;176;63;Sissek
675;16;155;114;Bihac
676;178;189;235;Banja Luka
677;246;96;232;Slavonski Brod
678;62;130;86;Bjelovar
679;3;1;18;Esseg
680;147;17;115;Peterwardein
681;84;75;184;Gyor
682;153;95;193;Tatabanya
683;16;99;23;Veszprem
684;97;101;115;Keszthely
685;250;194;209;Ofen
686;105;167;161;Varazdin
687;86;58;44;Kaposvar
688;238;44;187;Pecs
689;183;32;235;Ezstergom
690;207;39;109;Vac
691;13;11;25;Pest
692;167;222;157;Ostoros
693;3;189;159;Miskolc
694;28;136;82;Tokaj
695;119;40;109;Debrecen
696;149;37;147;Szolnok
697;194;158;156;Szeged
698;208;160;156;Szentes
699;232;184;192;Koros
700;248;189;241;Mako
701;20;99;110;Arad
702;76;133;49;Senta
703;212;31;130;Sombor
704;109;73;168;Temeschburg
705;32;137;212;Vrsac
706;236;121;24;Trnava
707;239;148;83;Kremnitz
708;160;207;24;Prerov
709;14;8;168;Trinec
710;217;157;24;Bielsko
711;104;58;248;Targ
712;154;43;238;Zakopane
713;247;44;84;Trencin
714;74;131;96;Jasto
715;33;83;220;Poprad
716;146;44;35;Zvolen
717;249;210;216;Lucenec
718;101;124;68;Kosice
719;12;237;23;Dobsina
720;84;168;238;Ozd
721;75;235;101;Krosno
722;178;198;2;Sanok
723;131;200;13;Borislav
724;58;65;230;Slavskoie
725;97;80;123;Ujgorod
726;25;136;163;Ungvar
727;197;148;161;Latoritza
728;175;7;26;Iassinia
729;55;222;168;Zelena
730;102;145;226;Vama
731;114;122;247;Lunca
732;76;232;69;Ulmeni
733;142;252;202;Beregovo
734;121;249;41;Oradea
735;30;254;183;Kris
736;115;247;22;Mures
737;78;82;231;Luga
738;230;134;147;Karlsburg
739;242;43;243;Deva
740;147;117;124;Turda
741;234;220;147;Klausenburg
742;61;226;23;Dej
743;103;7;151;Birgau
744;229;177;15;Bistritz
745;228;93;229;Pietrosul
746;204;171;158;Sedia
747;252;108;98;Tirgu Mures
748;199;193;122;Sigisohara
749;77;3;2;Sibiu
750;17;68;83;Homorod
751;22;28;119;Kronstadt
752;158;249;8;Covasna
753;99;117;44;Oswiecim
754;146;126;216;Krakow
755;208;48;125;Wieliczka
756;84;67;44;Tarnow
757;64;39;113;Przesmyl
758;112;26;181;Sambor
759;8;212;78;Lemberg
760;84;56;42;Drogobytch
761;143;249;220;Chodorov
762;103;3;177;Kolomya
763;69;88;49;Cernowitz
764;45;24;201;Krasno
765;91;54;63;Czestochowa
766;115;112;89;Beuthen
767;221;129;170;Sosnowiecz
768;173;133;21;Jedrzejow
769;229;198;131;Kielce
770;254;205;130;Starachowice
771;20;69;223;Sandomierz
772;161;23;45;Krasnic
773;146;219;151;Jaroslaw
774;159;111;233;Gorodok
775;69;183;126;Kamenska
776;20;185;46;Zamosch
777;226;193;225;Belzec
778;99;30;221;Lublin
779;48;100;61;Radom
780;39;223;29;Tomaszow
781;129;30;72;Piotrkow
782;178;108;245;Lowicz
783;72;226;236;Warschau
784;124;130;239;Pruszkow
785;88;109;196;Skierniewice
786;190;227;225;Otwok
787;19;198;22;Deblin
788;43;238;157;Lubartow
789;189;221;142;Terespol
790;123;249;64;Lukow
791;160;217;35;Siedice
792;65;107;63;Bialystock
793;180;115;206;Zegrze
794;52;215;136;Pultusk
795;11;169;37;Modlin
796;226;165;67;Plock
797;43;118;231;Thorn
798;161;246;10;Ciechanow
799;8;102;29;Makow
800;233;241;177;Ostrolenka
801;93;63;76;Danzig
802;165;134;241;Marienburg
803;140;11;222;Elbing
804;31;95;126;Osterode
805;65;67;225;Tannenberg
806;123;162;105;Allenstein
807;130;219;125;Braunsberg
808;254;148;230;Friedland
809;248;128;254;Königsberg
810;142;96;187;Tilsit
811;132;54;72;Intersburg
812;21;131;237;Gumbinnen
813;103;49;234;Lotzen
814;214;165;149;Niedenburg
815;181;165;91;Lomza
816;217;227;211;Lyck
817;191;200;244;Augustow
818;202;205;77;Weylau
819;162;87;190;Pregel
820;51;142;177;Kapsukas
821;60;82;33;Suwalki
822;212;40;58;Sakia
823;52;210;18;Osewiece
824;115;146;21;Grodno
825;204;16;84;Memel
826;109;58;38;Flensburg
827;175;9;204;Fredericia
828;241;43;180;Esbjerg
829;233;110;35;Skanderborg
830;174;220;193;Holstebro
831;205;173;16;Aarhus
832;53;129;56;Skive
833;109;76;39;Aalborg
834;139;39;51;Fredrikshavn
835;217;229;250;Odense
836;160;57;2;Korsor
837;118;139;222;Kobenhavn
838;136;26;171;Rodby Havn
839;229;121;137;Honefoss
840;86;204;146;Hamar
841;170;210;147;Lillehamer
842;2;0;20;Alesund
843;128;207;19;Andalsnes
844;44;201;18;Trondheim
845;2;198;145;Mosjoen
846;170;195;17;Bodo
847;226;69;167;Bergen
848;198;212;23;Odda
849;110;250;50;Roldal
850;16;58;25;Egersund
851;5;25;156;Stavanger
852;55;226;17;Farsund
853;14;135;102;Kristiansand
854;70;219;216;Arendal
855;177;2;225;Risor
856;228;3;32;Kragero
857;116;187;195;Skien
858;134;81;135;Tonsberg
859;28;230;160;Drammen
860;36;172;26;Kongsberg
861;88;159;181;Christiana
862;86;223;218;Eidsvol
863;164;48;76;Hardanger
864;40;222;164;Moss
865;65;210;129;Fredrikstad
866;244;140;138;Halden
867;95;77;99;Uddevalla
868;33;132;97;Lysekil
869;202;8;141;Gothenburg
870;130;176;73;Varberg
871;164;150;194;Halmstad
872;218;180;50;Helsingborg
873;11;194;57;Malmö
874;161;99;211;Kristianstad
875;181;126;125;Karlsham
876;251;205;139;Karlskrona
877;240;116;62;Kalmar
878;193;179;10;Växjö
879;108;4;78;Ljungby
880;199;76;214;Borås
881;201;215;175;Jönköping
882;230;176;20;Husqvarna
883;252;131;147;Västervik
884;114;123;232;Linköping
885;194;173;119;Norrköping
886;10;63;165;Skövde
887;207;215;226;Lidköping
888;11;252;124;Mariestad
889;137;187;115;Bengtsfors
890;5;197;67;Säffle
891;90;193;38;Årjäng
892;239;20;201;Töcksfors
893;241;35;26;Arvika
894;23;163;154;Karlstad
895;22;161;66;Orebro
896;219;196;45;Nyköping
897;181;2;172;Karlskoga
898;237;120;242;Eskiltuna
899;132;141;97;Stockholm
900;114;201;204;Norrtälje
901;59;111;6;Sigtuna
902;71;63;165;Öregrund
903;64;163;185;Uppsala
904;106;80;108;Västerås
905;110;183;231;Visby
906;128;162;139;Siljansnäs
907;86;159;11;Gävle
908;170;165;12;Särna
909;44;171;13;Östersund
910;2;168;140;Sundsvall
911;128;177;14;Funäsdalen
912;86;174;141;Umeå
913;170;180;142;Mellansel
914;2;183;15;Pitea
915;44;186;143;Lulea
916;128;192;144;Vemdalen
917;44;3;148;Pori
918;170;12;22;Kasko
919;86;6;21;Parkano
920;128;9;149;Mikkeli
921;44;33;153;Sortavala
922;2;30;25;Joensu
923;170;27;152;Kuopio
924;44;18;23;Jyvaskyla
925;2;15;150;Vaasa
926;86;21;151;Oulu
927;128;24;24;Kajaani
928;86;189;16;Tornio
929;86;36;26;Petrozavodsk
930;224;65;97;Mariehamn
931;27;53;163;Abo
932;29;187;238;Ekenas
933;72;137;47;Kysrkoslatt
934;177;246;234;Sveaborg
935;96;143;24;Lovisa
936;95;101;1;Fredrikshamn
937;159;13;132;Vyborg
938;210;249;236;Kannas
939;88;11;12;Kexholm
940;249;48;197;Lappeenranta
941;235;6;25;Heinola
942;25;113;29;Tavastehus
943;105;61;36;Rauma
944;227;74;254;Zadar
945;246;56;213;Knin
946;89;124;139;Drvar
947;148;192;108;Travnik
948;120;108;245;Dobroj
949;207;204;244;Tuzla
950;42;118;90;Bosna-Saray
951;113;46;47;Mostar
952;234;25;165;Split
953;78;244;38;Makarska
954;21;32;106;Ragusa
955;182;225;225;Kotor
956;201;36;126;Trebinje
957;46;87;186;Orien
958;232;18;166;Durmitor
959;100;151;32;Tara
960;144;146;179;Uzice
961;176;84;239;Belgrad
962;16;128;216;Valjevo
963;103;206;178;Paracin
964;73;198;26;Pozarevac
965;215;20;63;Negotin
966;246;83;19;Zajecar
967;220;10;175;Nish
968;64;251;145;Krusevac
969;43;104;184;Lim
970;145;133;160;Golija
971;225;205;159;Novi Pazar
972;196;23;14;Mitrovica
973;10;124;132;Vranje
974;219;221;145;Pristina
975;238;131;187;Bar
976;254;182;25;Skhodra
977;153;86;88;Ulcinj
978;121;240;207;Bellowar
979;200;25;52;Durres
980;209;177;251;Tiran
981;54;36;15;Kruja
982;92;120;196;Prizren
983;252;127;144;Veles
984;199;196;104;Skopje
985;122;98;76;Orsova
986;132;240;144;Petroseni
987;241;239;21;Mehadia
988;29;167;181;Drobeta
989;214;197;45;Turnu
990;197;154;206;Calafat
991;133;8;62;Craiova
992;203;101;179;Hermanstadt
993;185;4;12;Rimnicu
994;164;175;241;Pitesti
995;56;170;80;Corabia
996;182;8;6;Slatina
997;66;89;78;Tirgoviste
998;64;3;36;Buzau
999;239;193;231;Ploeisti
1000;208;153;19;Ialomita
1001;134;241;80;Bucuresti
1002;76;222;189;Calarasi
1003;71;192;175;Giurgiu
1004;105;110;130;Botosani
1005;113;26;79;Suceava
1006;30;63;85;Iasy
1007;101;1;19;Roman
1008;119;190;79;Vaslui
1009;31;56;109;Bacau
1010;192;79;70;Gheorghe
1011;115;227;10;Kilia
1012;2;152;96;Ismail
1013;216;161;201;Duna
1014;43;68;229;Galatz
1015;150;212;244;Focsani
1016;142;23;186;Braila
1017;157;62;154;Sulina
1018;107;123;52;Tulcea
1019;129;10;137;Constanta
1020;165;241;64;Silistre
1021;53;240;104;Rushuk
1022;254;246;29;Razgrad
1023;146;30;199;Plevna
1024;101;91;248;Lovec
1025;212;223;71;Svistov
1026;37;26;87;Kutlofça
1027;126;123;10;Vraca
1028;33;39;251;Vidin
1029;91;130;49;Dragoman
1030;76;193;201;Sofya
1031;148;148;24;Pernik
1032;23;76;211;Blagoevgrad
1033;18;124;102;Strumica
1034;138;170;124;Mesta
1035;136;233;91;Vitosa
1036;51;175;127;Marica
1037;7;89;218;Pazardzik
1038;44;34;36;Philippopoli
1039;211;226;18;Aesnovgrad
1040;221;67;6;Khardzali
1041;241;1;193;Haskovo
1042;73;11;52;Dimitrovgrad
1043;162;121;155;Stara Zagora
1044;227;105;140;Jambol
1045;172;18;26;Burgas
1046;116;54;140;Sliven
1047;84;173;212;Varna
1048;99;189;16;Nesebar
1049;55;250;78;Kirklareli
1050;114;3;169;Edirne
1051;133;211;129;Gelibolu
1052;209;27;149;Enez
1053;76;241;237;Corlu
1054;6;83;107;Kostantiniyye
1055;180;168;196;Alexandropolis
1056;15;243;8;Komotini
1057;141;173;111;Kavala
1058;200;210;111;Serrai
1059;108;58;175;Kilkis
1060;129;12;136;Thessaloniki
1061;56;249;249;Edessa
1062;26;141;242;Florina
1063;3;162;213;Ohrid
1064;83;100;103;Berat
1065;103;26;84;Igoumentsa
1066;19;204;79;Metsovon
1067;230;143;1;Kozani
1068;171;148;156;Larissa
1069;238;241;204;Arta
1070;149;81;249;Ioanina
1071;132;153;222;Preveza
1072;7;98;218;Missolonghi
1073;194;19;65;Lamia
1074;102;215;31;Levadia
1075;170;110;216;Khalkis
1076;146;172;42;Athina
1077;231;124;50;Corinth
1078;87;233;196;Patras
1079;144;199;231;Pyrgos
1080;168;170;23;Navarin
1081;2;76;222;Kalamai
1082;126;10;135;Moemvasia
1083;96;54;123;Corfu
1084;76;120;113;Zante
1085;97;36;131;Uskudar
1086;135;26;216;Izmit
1087;86;181;124;Bursa
1088;186;241;158;Bandirma
1089;177;109;143;Canakkale
1090;7;49;220;Edremit
1091;114;27;81;Mytilene
1092;22;222;113;Ayvalik
1093;47;107;252;Soma
1094;232;162;204;Balikesir
1095;179;72;249;Gebeler
1096;11;114;157;Smyrna
1097;102;28;183;Chios
1098;236;105;236;Kusadasi
1099;228;55;63;Soke
1100;161;20;180;Mugla
1101;145;225;7;Aydin
1102;43;218;23;Odemis
1103;1;208;225;Adala
1104;5;125;178;Eskisehir
1105;126;16;22;Alasehir
1106;177;170;201;Denizli
1107;28;152;241;Sandras
1108;106;43;34;Akdag
1109;1;46;132;Adalia
1110;51;62;218;Isparta
1111;227;33;36;Afyonkarahisar
1112;4;15;192;Kutayha
1113;250;35;12;Sakarya
1114;184;85;161;Adapazari
1115;176;85;55;Kocaeli
1116;254;165;202;Seben
1117;248;32;44;Zonguldak
1118;116;248;194;Bartin
1119;32;147;117;Karabuk
1120;159;84;190;Gerede
1121;79;96;241;Polatli
1122;149;197;136;Sivrihisar
1123;67;148;62;Kaman
1124;87;10;192;Konya
1125;212;191;205;Obruk
1126;58;123;195;Cumra
1127;96;36;156;Busak
1128;1;71;136;Manavgat
1129;43;20;107;Bozkir
1130;97;228;74;Anamur
1131;67;167;244;Inebolu
1132;30;101;222;Kastamonu
1133;145;97;172;Tosya
1134;249;11;244;Cankiri
1135;18;121;193;Ayas
1136;44;54;173;Yenice
1137;80;217;170;Angora
1138;3;182;62;Aksaray
1139;198;16;86;Karapinar
1140;6;234;156;Ayrandi
1141;168;175;197;Karaman
1142;167;77;94;Sinope
1143;42;246;192;Bafra
1144;85;88;65;Samsun
1145;98;177;204;Corum
1146;135;232;16;Kirikkale
1147;91;152;177;Kirsehir
1148;23;122;220;Tuz
1149;217;191;40;Eregli
1150;250;219;198;Kayseri
1151;249;208;118;Nevsehir
1152;46;90;171;Cayiralan
1153;177;11;36;Sivas
1154;109;103;148;Tokat
1155;204;94;5;Yldizeh
1156;2;51;192;Amasya
1157;253;34;62;Yesirlirmak
1158;201;213;134;Giresun
1159;4;21;19;Trapzon
1160;55;240;121;Gediz
1161;19;212;137;Erzincan
1162;244;227;156;Rize
1163;2;230;69;Arvidt
1164;107;3;118;Narman
1165;213;233;33;Torul
1166;85;108;85;Bayburt
1167;191;190;102;Erzerum
1168;15;106;44;Askale
1169;167;148;170;Elazig
1170;111;114;188;Fanza
1171;189;42;179;Bezen
1172;63;55;4;Feke
1173;216;203;232;Kozan
1174;147;114;27;Pozanti
1175;120;201;54;Mersin
1176;192;56;8;Tarsus
1177;178;107;94;Adana
1178;146;12;36;Kadirli
1179;126;165;45;Afsin
1180;253;15;32;Darende
1181;10;32;252;Alem
1182;139;238;192;Malatya
1183;16;60;136;Elbistan
1184;26;133;228;Kharamanmahras
1185;104;46;238;Maras
1186;196;41;104;Iskender
1187;68;110;116;Alexandretta
1188;18;67;249;Kilis
1189;193;249;97;Gazi Antep
1190;153;174;1;Horasan
1191;212;57;243;Kars
1192;240;195;2;Karakurt
1193;186;114;110;Tekman
1194;112;75;89;Bulanik
1195;98;60;139;Tercan
1196;23;162;19;Mus
1197;129;56;9;Ahlat
1198;199;204;50;Diyarbakir
1199;86;18;245;Ergani
1200;128;60;207;Adiyaman
1201;48;160;4;Siverek
1202;80;143;205;Sanli
1203;81;124;249;Dulq
1204;51;150;2;Birecik
1205;196;140;34;Urfa
1206;23;76;30;Viransehir
1207;43;86;59;Mardin
1208;170;159;196;Derik
1209;170;1;61;Batman
1210;192;63;117;Tatvan
1211;125;99;38;Ercis
1212;96;184;77;Muradiye
1213;203;153;111;Van
1214;212;159;207;Khvoy
1215;199;225;239;Salmas
1216;86;149;44;Urmia
1217;63;203;94;Orumiye
1218;21;95;167;Hakkari
1219;25;248;157;Sirnak
1220;192;99;55;Midyat
1221;115;244;139;Cizre
1222;231;64;96;Al Quamish
1223;79;236;26;Mosul
1224;179;76;241;Dahuk
1225;2;62;179;Dihok
1226;218;61;53;Rawanduz
1227;230;44;104;Arbil
1228;233;63;142;Makmur
1229;251;67;69;Bayji
1230;35;56;200;Kirkuk
1231;92;32;216;Sar Dasht
1232;148;11;122;Marivan
1233;215;161;220;As Sulaimanya
1234;59;4;54;Maydan
1235;19;220;89;Tikrit
1236;60;208;126;Ar Raqqah
1237;225;61;226;Al Hasakah
1238;144;180;180;Dair Ar Zaur
1239;217;155;197;Busayrah
1240;182;189;108;Ash Sharqat
1241;70;101;34;Al Hadithah
1242;58;73;216;Fallujah
1243;247;246;94;Ar Ramadi
1244;41;20;93;Karbala
1245;167;197;127;Al Hilla
1246;197;152;79;Baghdad
1247;205;19;56;As Suwayrah
1248;23;138;130;Bakuba
1249;67;40;189;Jalula
1250;18;157;57;Halabjah
1251;250;118;205;Mandali
1252;138;250;126;Badrah
1253;168;252;80;Al Kut
1254;53;8;18;Ilam
1255;42;209;152;Dehloran
1256;65;92;91;Al Hayy
1257;3;199;55;Digla
1258;124;31;38;Diwaniya
1259;81;125;185;Nasirya
1260;241;15;3;Qaalat
1261;232;72;248;Al Amara
1262;118;248;152;Dezful
1263;155;213;181;Susangerd
1264;158;119;77;Abadan
1265;203;120;165;Al Basra
1266;9;3;248;Bubiyan
1267;210;100;63;Rumaylah
1268;244;239;163;Kuwait
1269;228;102;222;Al Matla
1270;158;201;109;Makhfar
1271;95;214;15;Jalibah
1272;197;5;45;As Salman
1273;195;202;10;Samawah
1274;101;45;100;Al Qusayr
1275;208;199;210;Shabakah
1276;130;245;138;Nadjaf
1277;96;129;114;Al Khufa
1278;142;198;220;Nukhayb
1279;10;90;36;Ar Rutbah
1280;206;165;41;Ana
1281;193;194;153;Tadmur
1282;179;185;65;Al Quaim
1283;221;156;149;Anbar
1284;43;179;28;Qusaybah
1285;56;59;129;Abu Kamal
1286;62;192;195;Al Quat
1287;95;195;200;Manbij
1288;156;5;144;Ar Rusafah
1289;28;228;18;Al Arak
1290;218;148;96;Aleppo
1291;160;55;161;Lattakiah
1292;120;137;198;Hamah
1293;47;191;138;Tarabulus
1294;16;158;92;Hims
1295;31;99;116;Beirut
1296;50;96;167;Baalbek
1297;121;73;7;An Nabk
1298;206;2;94;Al Quaryatayn
1299;164;102;92;Tyre
1300;59;60;217;Akka
1301;195;210;11;Tiberiad
1302;35;230;21;Dimashq
1303;210;135;141;Jaramanah
1304;253;34;121;Jaffa
1305;160;163;47;Jerusalem
1306;231;47;107;Amman
1307;41;124;195;Az Zarka
1308;215;121;78;Gaza
1309;251;227;201;Bethleem
1310;157;86;87;El Karak
1311;164;137;189;El Arish
1312;50;102;160;Beersheba
1313;73;96;186;Maan
1314;52;199;36;Khamsa
1315;241;96;194;Nashl
1316;156;115;150;Abu Ruddeis
1317;52;26;51;Digma
1318;4;105;98;Taba
1319;40;225;67;Akaba
1320;10;147;33;Marand
1321;234;166;160;Ahar
1322;189;131;90;Siwa
1323;25;159;124;Tabriz
1324;10;106;119;Marageh
1325;241;100;155;Mahabad
1326;127;242;20;Torshavn
1327;45;55;59;Suez
1328;33;231;46;Mansurah
1329;141;115;234;Hurgadda
1330;228;178;232;El Minya
1331;214;122;158;Asyut
1332;40;59;204;El Fayum
1333;179;141;151;Barahiya
1334;58;169;182;Cairo
1335;143;106;246;Gizeh
1336;192;8;3;Dilutaa
1337;153;162;13;Damietta
1338;172;210;133;Abukir
1339;97;249;176;Alexandrie
1340;214;243;96;El Alamein
1341;191;73;76;Salloum
1342;161;178;217;Palanga
1343;10;172;76;Libau
1344;50;140;172;Medze
1345;165;2;46;Windau
1346;8;27;136;Dundaga
1347;168;249;102;Kolka
1348;27;100;185;Talsi
1349;244;67;184;Engure
1350;195;61;28;Saldus
1351;253;138;219;Grobin
1352;11;155;221;Kursenai
1353;77;95;125;Plunge
1354;45;15;200;Tauroggen
1355;57;60;234;Kowno
1356;111;166;234;Schowli
1357;152;49;15;Gruzden
1358;148;5;248;Mittau
1359;81;252;113;Ust Dvinsk
1360;127;109;190;Ogre
1361;245;155;127;Bauska
1362;227;13;97;Jakobsburg
1363;252;119;55;Rokiskis
1364;23;182;99;Ponewjez
1365;43;223;249;Zarasai
1366;68;235;161;Utena
1367;46;127;70;Ukmerge
1368;177;228;184;Vilna
1369;170;184;95;Prienai
1370;215;221;133;Olita
1371;26;103;89;Druskinika
1372;104;1;187;Lida
1373;50;75;248;Varena
1374;139;137;194;Miadzal
1375;222;19;85;Sokolka
1376;4;26;76;Masty
1377;228;232;62;Slonim
1378;230;72;84;Biaroza
1379;178;221;206;Jabrinka
1380;34;237;141;Kobryn
1381;15;161;164;Tsieliakhany
1382;254;181;92;Baranovitch
1383;154;91;172;Stowbtsy
1384;100;234;217;Dziatlava
1385;94;160;132;Klietsk
1386;111;154;160;Bobruisk
1387;194;210;204;Sloutsk
1388;182;120;60;Tcherven
1389;198;95;7;Minsk
1390;94;29;140;Borisov
1391;83;166;190;Kroupki
1392;160;145;125;Vileika
1393;223;163;47;Pastavy
1394;161;66;200;Dzisna
1395;231;113;147;Novo Polotsk
1396;61;18;42;Alytus
1397;163;183;197;Riga
1398;219;86;228;Friedrichstad
1399;224;203;99;Sigulden
1400;135;4;174;Wenden
1401;179;43;206;Cesis
1402;20;26;34;Madona
1403;210;84;130;Plauven
1404;53;43;187;Dvinsk
1405;183;117;152;Kraslava
1406;23;195;22;Rezeke
1407;137;198;175;Pytalawa
1408;17;74;160;Balvi
1409;26;77;192;Ossel
1410;85;153;119;Muhu
1411;200;36;170;Pernov
1412;2;195;139;Ainazi
1413;107;184;92;Valka
1414;86;96;203;Aluksen
1415;117;146;209;Polva
1416;246;50;13;Vorst
1417;25;147;102;Viljandi
1418;125;61;207;Dorpat
1419;12;204;24;Jageva
1420;183;107;64;Paide
1421;42;87;195;Haapsalu
1422;99;105;231;Revel
1423;44;200;137;Tapa
1424;62;96;12;Kunda
1425;24;52;200;Jahvi
1426;183;173;163;Narva
1427;54;199;103;Ivangorod
1428;167;191;99;Gdov
1429;168;134;97;Slantsy
1430;190;183;76;Volossovo
1431;238;164;199;Pouchkin
1432;180;117;169;Kronshtadt
1433;234;137;180;Kolpino
1434;80;55;141;Novaia Ladoga
1435;68;122;208;Sankt-Peterburg
1436;211;232;24;Volkhov
1437;49;108;113;Siastroi
1438;115;205;37;Tikhvin
1439;11;150;125;Boksitogorsk
1440;197;33;55;Kirichi
1441;39;166;140;Liouban
1442;129;212;162;Tosno
1443;227;192;241;Tolmatchevo
1444;197;161;107;Louga
1445;242;172;172;Torkovitchi
1446;223;230;64;Tchoudovo
1447;37;206;105;Novgorod
1448;76;47;145;Krettsy
1449;107;228;20;Volotchek
1450;71;71;187;Torzhok
1451;201;135;162;Bologoie
1452;89;75;164;Parfino
1453;84;249;27;Staraia Roussa
1454;145;10;86;Chimsk
1455;140;213;237;Soltsy
1456;89;151;124;Porkhov
1457;183;117;69;Seredka
1458;44;27;200;Pskov
1459;246;83;193;Petchory
1460;142;249;150;Ostrov
1461;66;169;218;Novorjev
1462;8;16;98;Loknia
1463;142;20;220;Dedovitchi
1464;16;147;237;Dno
1465;185;240;30;Khalm
1466;30;193;33;Velikie Luki
1467;18;210;7;Nevel
1468;89;138;235;Velij
1469;127;60;252;Jarkovski
1470;140;194;233;Polotsk
1471;190;100;72;Novokossolniki
1472;106;164;93;Iezeritche
1473;31;230;112;Haradok
1474;56;157;205;Liepiel
1475;177;117;207;Vitebsk
1476;114;173;125;Souraj
1477;243;240;75;Demidov
1478;4;226;84;Senno
1479;76;167;80;Orsha
1480;19;173;20;Mogilev
1481;222;111;178;Bykhaw
1482;151;17;227;Rogatchev
1483;176;239;246;Krytchaw
1484;41;247;153;Slawharad
1485;2;92;27;Sanj
1486;183;58;52;Brest Litovsk
1487;80;80;246;Malaryta
1488;48;251;123;Liubom
1489;148;181;208;Kovel
1490;42;142;203;Pinsk
1491;125;213;156;Ivanava
1492;45;244;92;Louniniets
1493;202;234;31;Salihorsk
1494;43;169;154;Glousk
1495;31;243;240;Aktsiarbsky
1496;49;92;115;Pietrykow
1497;196;146;247;Stolin
1498;122;174;148;Doubrovitsia
1499;100;37;246;Olevsk
1500;99;53;248;Prypiat
1501;141;125;55;Oubort
1502;232;62;104;Kalinkavitchy
1503;148;220;111;Vassilevitchy
1504;164;38;156;Retchytsa
1505;53;16;108;Loiev
1506;134;54;67;Mozyr
1507;229;211;42;Glinska
1508;183;93;18;Belokorovitchy
1509;234;239;63;Ielsk
1510;85;61;156;Ovroutch
1511;107;151;242;Tchernobyl
1512;6;79;169;Rojytche
1513;57;3;85;Lutsk
1514;141;44;35;Rava Russka
1515;9;106;11;Dubno
1516;230;57;253;Kremenetz
1517;60;179;219;Zalitch
1518;123;54;163;Khotyn
1519;132;130;35;Proskurov
1520;136;124;173;Khmelnik
1521;1;150;142;Iziaslav
1522;220;234;22;Ostroh
1523;159;134;252;Rowno
1524;84;198;35;Kostopil
1525;221;82;85;Volynsky
1526;222;15;167;Novograd
1527;61;98;143;Korosten
1528;241;14;112;Dymer
1529;236;220;119;Radomir
1530;161;46;227;Polonne
1531;161;113;185;Koziatyn
1532;213;78;62;Berdidchev
1533;135;9;88;Zhitomir
1534;77;25;226;Korostychev
1535;187;235;141;Kiev
1536;95;48;187;Vassylkiv
1537;219;95;195;Bila Tsverka
1538;186;31;140;Korsun
1539;123;178;36;Skvyra
1540;134;103;182;Ovidiopol
1541;146;82;208;Tighina
1542;169;32;235;Bilhorod
1543;66;91;2;Odessa
1544;28;238;170;Rozdilna
1545;121;175;77;Nikolaiev
1546;134;108;147;Berezvika
1547;87;155;19;Tiraspol
1548;149;20;240;Bender
1549;80;120;185;Balti
1550;192;118;10;Soroca
1551;122;249;45;Nemirov
1552;111;69;250;Berchad
1553;143;245;222;Lipovets
1554;179;83;83;Pervomaisk
1555;116;214;42;Pomitchna
1556;23;198;154;Olviopol
1557;88;39;230;Nova Odessa
1558;25;9;126;Ochakov
1559;202;186;134;Kherson
1560;108;37;93;Inoulets
1561;88;128;12;Nikopol
1562;18;178;76;Ekaterinoslav
1563;115;253;163;Ordjonikidze
1564;208;124;247;Krivoi Rog
1565;215;245;215;Dolynska
1566;189;110;220;Oleksandria
1567;163;191;130;Tcherkassy
1568;195;146;193;Jlobin
1569;199;87;246;Seversk
1570;96;29;119;Gomel
1571;166;37;35;Staroslav
1572;17;193;61;Dobruch
1573;227;252;140;Berezna
1574;22;243;87;Mena
1575;205;238;101;Chernigov
1576;144;174;175;Kozelets
1577;229;198;43;Borzna
1578;30;225;145;Krolevets
1579;101;102;130;Buryn
1580;117;205;210;Bakhmach
1581;199;100;76;Kanotop
1582;174;181;10;Nijyn
1583;191;132;20;Nossivka
1584;44;196;139;Brovary
1585;22;244;100;Boryspil
1586;91;39;110;Pryluky
1587;84;126;166;Lokhvitsa
1588;196;138;177;Pereiaslav
1589;82;242;125;Rudnia
1590;14;162;81;Smolensk
1591;229;154;227;Krasniy
1592;248;98;238;Roslav
1593;103;110;102;Kilmovitchy
1594;136;238;71;Klintsy
1595;190;81;73;Kletnia
1596;181;165;168;Jukovka
1597;43;157;114;Ielnia
1598;129;151;27;Safonovo
1599;249;194;106;Taropez
1600;59;92;245;Andreapol
1601;235;182;198;Peno
1602;69;48;14;Olenino
1603;224;125;205;Toupik
1604;198;163;177;Vyazma
1605;30;27;57;Demensk
1606;239;102;47;Mossalk
1607;80;144;78;Mechtchov
1608;219;232;141;Loukhnov
1609;2;215;191;Sytchevska
1610;51;224;183;Rjev
1611;57;239;18;Staritsa
1612;9;238;66;Konakova
1613;111;111;108;Tver
1614;168;238;132;Goritsy
1615;37;44;21;Kachin
1616;71;171;197;Bejetsk
1617;164;243;254;Sonkovo
1618;193;11;146;Kimry
1619;213;111;57;Volga
1620;238;231;152;Danilov
1621;41;125;3;Toutaiev
1622;51;40;147;Rybinsk
1623;238;219;242;Gagarin
1624;50;193;32;Mojaisk
1625;190;214;121;Maloiaroslovets
1626;3;212;144;Kolomna
1627;172;44;126;Miknevo
1628;39;239;15;Podolsk
1629;106;152;31;Borodino
1630;29;47;157;Khimki
1631;176;161;162;Ouglitch
1632;109;217;223;Suzdal
1633;123;126;53;Zagorsk
1634;119;155;155;Noghinsk
1635;223;83;10;Moskva
1636;91;130;102;Tcherepovets
1637;184;20;224;Sessna
1638;204;96;8;Vologda
1639;71;186;40;Griazovets
1640;183;63;94;Galich
1641;142;178;29;Boui
1642;224;250;225;Kostromskoie
1643;26;157;180;Liubim
1644;15;62;30;Iaroslav
1645;81;207;52;Kostroma
1646;86;92;160;Ivanovo
1647;183;61;170;Kinechma
1648;139;228;81;Chouia
1649;143;148;208;Vladimir
1650;19;222;44;Sodinka
1651;208;221;229;Kovrov
1652;105;244;189;Murom
1653;118;205;158;Touma
1654;61;32;246;Rybnoie
1655;132;157;67;Ryazan
1656;238;132;37;Vyksa
1657;67;42;117;Solottcha
1658;188;151;35;Spassk
1659;162;147;91;Rizanski
1660;4;194;40;Mikhailov
1661;193;189;24;Tula
1662;84;16;170;Aleksin
1663;244;72;199;Kaluga
1664;70;155;71;Tchekino
1665;231;237;130;Agheievo
1666;67;226;170;Kondrovo
1667;155;120;249;Kozelsk
1668;189;22;231;Bryansk
1669;113;143;204;Jidzra
1670;130;11;179;Navlia
1671;114;42;160;Karatchev
1672;30;140;118;Lokat
1673;144;105;147;Bolkhov
1674;135;3;44;Orel
1675;142;18;160;Kromy
1676;138;190;133;Mtsensk
1677;185;1;250;Novossil
1678;153;119;190;Verkhovie
1679;201;68;150;Kolpny
1680;3;161;21;Jeleznogorsk
1681;107;180;59;Kursk
1682;187;199;227;Chtchigry
1683;91;63;243;Kastornoie
1684;66;10;208;Gubkin
1685;24;47;188;Oboian
1686;35;87;114;Lgov
1687;132;58;160;Rylsk
1688;75;38;118;Korenovo
1689;21;23;203;Sudja
1690;54;167;58;Lukhiv
1691;72;204;52;Rokitno
1692;110;195;53;Bilopillia
1693;156;39;212;Soumy
1694;46;84;195;Borissovska
1695;56;226;183;Lebedyn
1696;235;111;49;Krasnokutsk
1697;229;135;49;Lubny
1698;54;197;9;Semenovka
1699;76;3;7;Krementjug
1700;33;81;8;Poltava
1701;66;118;133;Myrohod
1702;37;208;73;Karlivka
1703;208;217;165;Merefa
1704;70;240;110;Zmiev
1705;75;74;181;Kharkov
1706;193;9;238;Bielgorod
1707;95;49;74;Pristen
1708;188;185;215;Korotcha
1709;51;183;93;Novy Oskol
1710;154;249;131;Chebekino
1711;231;14;210;Kupiansk
1712;242;79;55;Balaklia
1713;11;118;221;Rubjine
1714;108;39;168;Izioum
1715;205;70;230;Ouzlovoi
1716;202;186;192;Livny
1717;39;39;4;Ieletsk
1718;24;214;53;Zadonsk
1719;17;78;25;Stary Oskol
1720;157;101;201;Tchernianka
1721;152;142;46;Valyuki
1722;41;184;81;Mitrofanovka
1723;133;91;156;Migoulinskaya
1724;200;216;180;Tchertkovo
1725;167;44;17;Starobilsk
1726;237;85;172;Sieverodonetsk
1727;39;222;144;Gluboki
1728;202;97;229;Lyssytchansk
1729;106;10;1;Lugansk
1730;30;73;189;Goukovo
1731;102;68;209;Novocherkass
1732;244;109;211;Rovenki
1733;102;240;212;Ienakeve
1734;11;93;24;Snejnoie
1735;161;9;100;Rostov
1736;169;202;29;Taganrog
1737;66;228;84;Donetsk
1738;109;97;200;Makeievka
1739;146;32;103;Dobropole
1740;39;178;181;Lozova
1741;137;238;49;Novomoskovsk
1742;188;223;209;Pavlograd
1743;226;166;158;Zaporoje
1744;232;154;34;Tchaplino
1745;127;57;155;Volnovakha
1746;15;158;163;Mariopol
1747;190;231;133;Pology
1748;150;222;188;Berdjiansk
1749;254;125;94;Orikhiv
1750;145;233;180;Melitopol
1751;134;181;247;Khakhovka
1752;129;66;26;Akimovka
1753;113;193;140;Krasnoperekovsk
1754;148;188;36;Nova Khakhovka
1755;129;5;107;Skadovsk
1756;178;42;103;Djankoi
1757;203;99;195;Eupatoria
1758;28;173;105;Saki
1759;176;230;173;Simferopol
1760;137;193;237;Sevastopol
1761;165;116;243;Feodosia
1762;7;172;24;Kertch
1763;163;210;67;Charia
1764;235;222;155;Kotelnich
1765;89;103;196;Vetlouga
1766;198;153;180;Kaumeny
1767;100;49;73;Vakhtan
1768;4;184;153;Ouren
1769;55;13;128;Vetlousky
1770;168;157;147;Pradvinsk
1771;113;67;236;Semenov
1772;138;115;251;Gorodec
1773;198;221;145;Baki
1774;166;99;204;Bor
1775;200;90;117;Berezova
1776;172;115;121;Iujka
1777;30;156;148;Kazamev
1778;208;16;64;Gorelovo
1779;7;90;210;Medvedevo
1780;118;140;53;Nizhny Novgorod
1781;61;61;244;Balakhna
1782;71;27;163;Volodorsk
1783;133;141;205;Gorbatkva
1784;207;247;154;Pavlovo
1785;131;33;26;Bogorodsk
1786;182;229;172;Kstovo
1787;163;202;181;Kaumov
1788;15;27;75;Voskressen
1789;54;167;40;Demiask
1790;123;57;60;Lyskovo
1791;8;232;173;Mukhtolovo
1792;20;31;17;Arzama
1793;13;10;76;Piana
1794;63;117;161;Sergatch
1795;249;131;127;Iadrin
1796;246;93;238;Cheboksary
1797;214;129;157;Riajsk
1798;49;175;241;Skopin
1799;215;16;2;Pavelets
1800;75;152;61;Volovo
1801;46;206;138;Plavsk
1802;207;144;105;Dankov
1803;128;62;18;Tchaplygin
1804;230;253;203;Oukhalova
1805;56;252;214;Sapajok
1806;61;251;215;Chilovo
1807;233;180;22;Lebedian
1808;71;7;39;Lipetsk
1809;121;130;44;Lev
1810;34;158;41;Griazi
1811;186;15;23;Novo Zadonsk
1812;121;26;214;Ousman
1813;184;171;50;Mordovo
1814;43;50;244;Ertil
1815;236;49;101;Galovonsk
1816;160;8;196;Venady
1817;239;91;70;Mitchurisk
1818;11;166;40;Marchansk
1819;146;242;208;Chatsk
1820;252;82;158;Zametchino
1821;80;16;181;Nijni Lomov
1822;18;16;167;Tambov
1823;151;17;109;Kotovsk
1824;144;69;83;Raman
1825;82;71;137;Voronezh
1826;83;98;37;Liski
1827;162;105;234;Novo Vornejvski
1828;72;221;156;Kamenka
1829;217;40;231;Pavlovsk
1830;93;12;228;Babrov
1831;250;159;123;Anna
1832;186;135;156;Arkhangelskoie
1833;106;125;6;Tsvilsk
1834;128;75;167;Novocheboksarsk
1835;136;245;73;Kanash
1836;127;156;131;Kiria
1837;103;5;155;Donskoe
1838;164;103;149;Choumerlia
1839;213;131;124;Poretskoie
1840;1;195;80;Ghagino
1841;101;10;1;Patchinki
1842;172;171;74;Romodanovo
1843;52;185;211;Kobylkino
1844;241;29;147;Mokchan
1845;145;84;188;Lounino
1846;116;60;221;Rouzaievska
1847;220;62;204;Saransk
1848;78;46;79;Sura
1849;30;97;195;Azakleva
1850;79;176;15;Penza
1851;54;4;82;Syzgan
1852;223;182;225;Barych
1853;198;243;39;Kuznetsk
1854;36;140;112;Soursk
1855;18;200;11;Khopev
1856;106;69;252;Belinski
1857;105;238;109;Kirsanov
1858;17;120;174;Irgavino
1859;19;216;45;Ouvarovo
1860;78;152;178;Kvahlinsk
1861;157;131;111;Volsk
1862;161;86;222;Saratov
1863;16;32;227;Balakovo
1864;203;228;143;Marks
1865;111;167;192;Privolsk
1866;152;33;230;Kamenski
1867;144;142;73;Atkarsk
1868;212;209;194;Novo Petrovsk
1869;32;235;183;Arkadak
1870;67;157;233;Tourki
1871;90;208;229;Balachov
1872;100;89;94;Jirnovsk
1873;244;147;243;Panfilovo
1874;96;217;206;Kazanskaia
1875;9;82;209;Mikhailovka
1876;114;107;152;Kotovo
1877;32;251;129;Frolovo
1878;152;129;206;Vechenskaia
1879;179;142;81;Kamychin
1880;112;106;50;Tzaritsyn
1881;171;100;130;Kletski
1882;129;246;31;Ilovlia
1883;179;189;14;Perelazovski
1884;88;112;212;Kalach
1885;132;237;116;Morozovsk
1886;56;75;153;Nijni Tchir
1887;101;190;224;Kalitva
1888;74;107;151;Tsimliansk
1889;133;3;249;Kotelnikovo
1890;132;247;137;Volgodonsk
1891;2;102;40;Bykovo
1892;187;2;131;Voljski
1893;156;250;59;Derbety
1894;145;121;116;Kapustin
1895;145;10;167;Sadovoie
1896;56;79;47;Tsarevo
1897;1;31;207;Akhtubinsk
1898;52;163;6;Obilnoie
1899;222;107;6;Zavetnoie
1900;167;103;105;Astrakhan
1901;109;236;70;Kharabali
1902;189;216;247;Krasnydar
1903;135;234;208;Kopanovka
1904;59;180;245;Tsagan
1905;122;190;42;Liman
1906;105;13;34;Iachkoul
1907;16;10;21;Ulan Erghe
1908;202;29;87;Ketchenery
1909;254;173;166;Elitsa
1910;75;141;125;Remontnoie
1911;18;65;127;Zimovniki
1912;225;248;162;Priutnoie
1913;128;210;180;Divnoie
1914;221;170;82;Arzghir
1915;117;39;26;Konstantinovsk
1916;71;226;118;Semikarakorski
1917;180;211;215;Bataisk
1918;19;36;102;Zernograd
1919;191;223;143;Ghigant
1920;26;71;231;Azov
1921;26;191;112;Leiesk
1922;252;101;64;Akhtarsk
1923;103;228;4;Kanevskaia
1924;131;208;154;Pavlovskaia
1925;147;56;147;Temriuk
1926;5;160;120;Korenovsk
1927;66;28;115;Tikhoretsk
1928;245;163;207;Taman
1929;33;240;129;Anapa
1930;176;165;29;Novorossysk
1931;252;50;181;Ekaterinodar
1932;249;97;148;Krymsk
1933;154;127;157;Goriatch
1934;249;149;37;Maikop
1935;172;93;249;Labinsk
1936;140;5;2;Stavropol
1937;138;109;2;Armavir
1938;52;101;238;Nevynominsk
1939;97;86;225;Svetlograd
1940;13;134;124;Zelenokumsk
1941;12;175;150;Boudennovsk
1942;131;43;217;Terek
1943;211;176;37;Gheorgievsk
1944;187;91;26;Kursavka
1945;188;94;202;Kislovodsk
1946;225;63;227;Baksan
1947;34;131;203;Piatigorsk
1948;204;181;5;Nalchik
1949;193;191;202;Nartkala
1950;185;49;89;Malgobek
1951;146;86;242;Mozdok
1952;1;165;246;Petrovska
1953;217;167;81;Lopatim
1954;7;129;158;Beslan
1955;123;107;35;Grozny
1956;211;250;201;Argun
1957;125;34;5;Makhatchkala
1958;16;54;251;Tuapse
1959;31;80;54;Neftegorsk
1960;66;2;11;Tcherkessk
1961;19;113;105;Teberda
1962;171;57;136;Sochi
1963;176;197;206;Sukhumi
1964;14;7;165;Karatchaievsk
1965;51;90;89;Tyrniaouz
1966;29;139;16;Oni
1967;89;242;95;Sadon
1968;163;181;165;Vladikavkaz
1969;246;190;28;Tskhinvali
1970;111;69;34;Sachkere
1971;85;233;189;Kutaisi
1972;137;63;248;Poti
1973;97;140;249;Batum
1974;117;98;28;Ozurgeti
1975;28;122;79;Khulo
1976;88;76;78;Borjomi
1977;197;246;119;Khashuri
1978;76;102;80;Vale
1979;157;88;184;Gyumri
1980;77;206;254;Tiflis
1981;89;9;7;Dusheti
1982;114;205;54;Kaspi
1983;140;143;41;Telavi
1984;106;150;12;Rustavi
1985;184;122;94;Alaverdi
1986;110;78;175;Vanadzor
1987;179;75;46;Dilijan
1988;33;182;33;Erevan
1989;148;224;86;Igdir
1990;6;225;86;Nazik
1991;105;228;28;Nakchivan
1992;147;197;182;Hrazdan
1993;91;47;86;Xanlar
1994;4;175;226;Kapan
1995;1;76;5;Culfa
1996;98;220;60;Kajaran
1997;3;119;82;Agadir
1998;139;182;158;Taroudannt
1999;92;186;60;Tata
2000;10;121;75;Ouarzazate
2001;212;20;91;El Rachidia
2002;8;79;227;Safi
2003;129;187;111;Essaouira
2004;209;29;251;Tensift
2005;89;10;187;Asni
2006;150;126;177;Youssoufia
2007;72;121;76;Marrakech
2008;78;203;56;Rabat
2009;62;204;169;El Jadida
2010;24;18;81;Settat
2011;20;104;180;Beni Mellal
2012;103;85;39;Rommani
2013;99;71;130;Meknes
2014;192;149;1;Azrou
2015;155;57;140;Tanger
2016;253;102;171;Ceuta
2017;232;56;151;Al Hoceima
2018;66;15;190;Ouezzane
2019;200;27;7;Fes
2020;26;123;235;Taza
2021;84;222;145;Melilla
2022;126;145;24;Oujda
2023;158;85;146;Jerada
2024;163;143;233;Bouarfa
2025;187;248;91;Tilimsen
2026;210;156;10;Sidi Bel Abbes
2027;53;40;78;Mascara
2028;185;171;53;Mers El Kebir
2029;20;14;160;Oran
2030;234;80;243;Relidia
2031;195;254;16;Saida
2032;134;59;152;Tihert
2033;118;12;223;Mostaganem
2034;42;102;162;Cheliff
2035;188;252;249;Blida
2036;183;53;243;Cherchell
2037;143;49;4;Djelfa
2038;155;11;83;Miliana
2039;246;201;167;Bou Saada
2040;119;24;13;Medea
2041;9;80;149;Alger
2042;131;117;225;Bejaia
2043;232;183;214;Stif
2044;251;173;121;Bordj
2045;14;84;122;Batna
2046;107;96;249;Constantine
2047;239;60;189;Skikda
2048;166;165;159;Annaba
2049;223;34;64;Souk Ahras
2050;205;69;87;Ain Beda
2051;177;172;212;Tabarka
2052;176;253;188;Bizerte
2053;120;194;1;Tunis
2054;78;108;21;Hammamet
2055;127;94;70;Beja
2056;109;62;253;Maktar
2057;57;224;200;Kairwan
2058;121;209;22;Sfax
2059;212;252;221;Feriana
2060;22;120;176;Mahres
2061;176;150;158;Gafsa
2062;34;210;116;Gabes
2063;224;77;149;Tozeur
2064;37;42;117;Kebili
2065;110;134;12;Djerba
2066;68;171;8;Zuwara
2067;33;38;164;Medenine
2068;76;222;145;Nalut
2069;223;75;59;Gharyan
2070;122;206;239;Tripoli
2071;10;201;47;Al Kuhms
2072;238;174;69;Bani Walid
2073;73;49;169;Misratah
2074;12;2;63;Al Hasurt
2075;196;140;116;Surt
2076;47;127;55;Sultan
2077;193;71;101;Marsa El Brega
2078;118;73;168;Al Zueidina
2079;248;198;152;Benghazi
2080;140;33;238;Cyrene
2081;79;182;215;Al Marj
2082;160;178;68;Al Bayda
2083;165;23;252;Adabiya
2084;23;54;98;Ghirmah
2085;250;116;43;Darnah
2086;138;221;95;Tobruk
2087;12;249;38;Nafoura
2088;41;236;136;Gazzala
2089;22;55;49;Bir Hakeim
2090;147;98;98;Candia
2091;167;177;45;Heraklion
2092;181;136;15;Rodos
2093;103;201;229;Limassol
2094;84;247;193;Magusa
2095;66;112;203;Ronne
2096;45;180;9;Borgholm
2097;144;165;128;Dago
2098;3;130;254;Kashpirovka
2099;3;229;243;Syzran
2100;223;177;194;Simbirsk
2101;101;221;12;Bouinsk
2102;105;215;189;Kozlovka
2103;157;20;240;Belebey
2104;13;79;151;Urals
2105;213;50;31;Falun
2106;143;106;33;Uralsk
2107;95;175;221;Guriev
2108;45;120;253;Saqqez
2109;40;169;205;Bokan
2110;128;96;192;Vestisland
2111;240;64;192;Austisland
2112;0;96;64;Malung
2113;165;142;210;Älvdalen
2114;55;126;85;Strömsund
2115;0;0;144;Undersåker
2116;153;119;165;Sandviken
2117;0;112;64;Ockelbo
2118;226;240;64;Hudiksvall
2119;64;112;192;Härnösand
2120;128;240;128;Örnsköldsvik
2121;76;108;123;Skellefteå
2122;82;147;151;Söderhamn
2123;112;112;184;Tonstad
2124;176;176;1;Seljord
2125;49;112;128;Lom
2126;176;112;128;Otta
2127;137;51;77;Tynset
2128;51;137;91;Kongsvinger
2129;112;240;1;Bruland
2130;156;82;202;Volda
2131;68;91;108;Verdal
2132;240;240;1;Årnes
2133;0;54;137;Vännäs
2134;223;128;80;Jörn
2135;48;96;80;Tampere
2136;208;224;144;Hyvinkää
2137;214;144;224;Keuruu
2138;176;80;96;Orivesi
2139;224;240;33;Savitaipale
2140;208;240;160;Sulkava
2141;160;33;208;Joroinen
2142;223;32;80;Rautalampi
2143;238;15;223;Hartola
2144;209;157;46;Alavo
2145;27;223;253;Nurmes
2146;30;203;203;Lieksa
2147;115;221;251;Paltami
2148;113;201;201;Suomussalmi
2149;122;201;251;Liminka
2150;123;221;251;Kuivaniemi
2151;124;251;251;Pello
2152;125;201;201;Kalajoki
2153;126;201;251;Laihia
2154;2;202;252;Kokkola
2155;1;202;202;Uusikaupunki
2156;13;202;202;Quba
2157;12;252;252;Sabran
2158;17;202;202;Sumqayit
2159;11;222;252;Avsar
2160;16;252;252;Ekshärad
2161;10;202;252;Torsby
2162;123;253;253;Mora
2163;70;202;252;Åmot
2164;24;53;118;Rättvik
2165;1;254;254;Tierp
2166;114;202;252;Sveg
2167;2;204;254;Idre
2168;117;202;202;Härjedalen
2169;7;223;253;Krokom
2170;87;220;250;Gäddede
2171;89;200;200;Ljusdal
2172;92;250;250;Sollefteå
2173;94;200;250;Bjästa
2174;6;203;253;Bredbyn
2175;111;220;250;Ersmark
2176;108;86;24;Brännland
2177;63;224;227;Boliden
2178;241;254;159;Böle
2179;65;142;112;Sikfors
2180;199;181;56;Furudal
2181;102;196;236;Boden
2182;146;185;237;Råneå
2183;125;243;74;Fagersta
2184;20;207;243;Sharm el-Sheik
2185;176;88;33;Wadi El Sybaiya
2186;44;111;227;Abu Zenima
2187;209;153;225;Haql
2188;89;173;84;Ras Ghareb
2189;103;46;29;Qusayr
2190;44;120;203;Marsa Alam
2191;86;123;76;Minya
2192;67;133;140;Suhaj
2193;85;50;252;Qina
2194;170;209;11;Idfu
2195;144;72;98;Derbent
2196;92;18;54;Qabala
2197;14;178;133;Sirvan
2198;129;173;147;Shaki
2199;221;32;83;Beylagan
2200;64;226;238;Jalilabad
2201;88;27;81;Ardabil
2202;48;208;229;Sarab
2203;177;138;109;Sharabian
2204;167;191;47;Talishi
2205;89;173;152;Khalkhal
2206;169;162;75;Fouman
2207;117;241;129;Zanjan
2208;147;78;159;Rasht
2209;70;32;3;Takab
2210;219;254;35;Qazvin
2211;86;161;30;Takestan
2212;118;20;16;Razan
2213;175;237;136;Qom
2214;170;31;95;Kashan
2215;146;79;58;Arak
2216;126;189;237;Divandare
2217;84;150;103;Sanandaj
2218;247;197;138;Kuzaran
2219;92;119;238;Kermanshah
2220;135;148;33;Eslamabad-e Gharb
2221;194;203;90;Kuhdasht
2222;66;127;72;Mormori
2223;71;69;198;Andimeshk
2224;44;48;145;Ahvaz
2225;75;238;216;Orda
2226;48;180;19;Zhanybek
2227;50;98;27;Mikhaylovk
2228;55;36;17;Prishibinskoye
2229;81;250;29;Saykhin
2230;254;16;210;Vasilyevsko-Shaytansky
2231;138;169;128;Zavodskoye
2232;195;6;162;Ershov
2233;97;58;138;Mechetnaya
2234;150;206;184;Chapaevsk
2235;44;8;168;Samara
2236;194;142;62;Tetyushskaya zastava
2237;41;59;175;Bolgar
2238;144;225;170;Svetogorsk
2239;110;105;226;Suoyarvi
2240;101;203;134;Kondopoga
2241;178;75;22;Lodeynoye Pole
2242;219;227;23;Boksity
2243;201;62;154;Pikalevo
2244;131;226;244;Vytegra
2245;75;52;38;Belozersk
2246;232;76;162;Cherepovets
2247;229;214;59;Vesyegonsk
2248;143;94;41;Poshekhonye
2249;221;95;217;Kadnikov
2250;20;172;27;Kargopol
2251;105;225;181;Kharovsk
2252;241;188;206;Vetluga
2253;218;94;240;Uren
2254;60;96;19;Yadrin
2255;121;67;85;Yaransk
2256;202;149;199;Kukarka
2257;59;114;244;Volzhsk
2258;139;236;175;Hardangervidda
2259;236;156;99;Dovrefjell
2260;15;132;245;Lappland
2261;180;80;149;Southern Kola Peninsula
2262;150;166;14;Karelia
2263;246;2;49;Southern Karelia
2264;176;220;70;Siberia
2265;223;144;235;Northern Siberia
2266;25;156;24;South West Siberia
2267;113;33;90;Southern Siberia
2268;114;189;78;South East Siberia
2269;133;9;152;Sahara Desert
2270;1;108;80;Arabian Desert
2271;107;248;112;Southern North Sea
2272;168;155;208;Southeastern North Sea
2273;181;69;72;Tjorn Island
2274;181;232;103;Grenen Cape
2275;100;150;69;Vigso Bay
2276;78;5;53;North Jutland Coast
2277;177;16;28;Limfjord
2278;218;169;119;Nissumfjord
2279;14;111;177;South Skagerrak
2280;121;183;121;Horst Bank
2281;197;191;32;Skallingen
2282;172;144;97;Nordfriesiche Inseln
2283;41;86;52;Deutsche Bucht
2284;125;120;54;Helgoland
2285;149;98;215;Ostfriesieche Inseln
2286;21;103;253;Terschelling
2287;36;152;241;Waddenzee
2288;35;235;58;East Bank
2289;227;178;131;Zuiderzee
2290;176;2;39;Texel
2291;225;217;38;Northern Dogger Bank
2292;37;254;126;Western Dogger Bank
2293;100;37;67;Dogger Bank
2294;147;8;175;Southern Dogger Bank
2295;20;201;130;Coast of Holland
2296;184;150;177;Coast of Zeeland
2297;19;184;90;Laeso Rende
2298;23;23;251;Viskan Bay
2299;25;160;193;Kattegat
2300;45;152;74;North Oresund
2301;42;171;115;South Oresund
2302;187;39;26;Aarhus Channel
2303;124;114;48;Flensburg Channel
2304;140;59;46;Odense Channel
2305;157;231;252;Kiel Bucht
2306;35;80;110;Rostock Channel
2307;244;76;82;Stralsund Channel
2308;96;174;235;Peenemunde
2309;41;84;152;Scanian Channel
2310;6;207;247;Bornholm
2311;5;41;150;Oder Haf
2312;118;14;126;Pommern Bucht
2313;238;229;138;Nord Bornholm
2314;83;104;28;Hanno Bay
2315;19;174;25;Smaland Passage
2316;187;164;162;Kalmar Straits
2317;167;144;80;Gotland Channel
2318;77;14;2;Öland
2319;44;192;112;West Baltic Sea
2320;43;134;192;Ost Pommern See
2321;94;245;48;Gulf of Danzig
2322;184;222;134;Wisla Haf
2323;72;221;155;Preussen Bucht
2324;192;109;97;Bay of Memel
2325;191;246;236;Niemen Haf
2326;40;119;185;South Baltic Sea
2327;27;83;230;Hoburgen
2328;137;241;53;Ost See
2329;251;7;125;Akmenrags
2330;66;137;231;North Baltic Sea
2331;128;61;248;Gotland
2332;189;19;166;Braviken
2333;48;83;209;Visby Bay
2334;48;200;65;Oxelosund
2335;112;85;224;Farosund
2336;233;1;10;Kurland Channel
2337;104;194;182;Ventspils Bay
2338;9;40;251;Kolkasrags
2339;134;147;55;Saarema
2340;41;75;72;Gulf of Riga
2341;43;182;183;Kihnu Island
2342;86;104;35;Vormsi Straits
2343;22;161;83;Muhu Bay
2344;111;82;47;Osel
2345;155;166;33;Baltic Channel
2346;166;238;209;Swedish Channel
2347;210;25;141;Stockholm Sund
2348;229;9;66;Southwest Aland
2349;170;129;77;Gulf of Bothnia
2350;2;132;205;Bottniska Viken
2351;128;126;204;Gulf of Bjornborg
2352;86;13;36;Southeast Aland
2353;191;9;83;Bay of Turku
2354;133;29;159;Gulf of Finland
2355;98;133;189;Nyland Coast
2356;158;10;139;Estonian Coast
2357;175;146;18;Bay of Kotka
2358;79;252;35;Gulf of Narva
2359;56;2;156;Gulf of Kronstad
2360;70;106;201;Atlantic Ocean 1
2361;245;44;135;Mer d'Iroise
2362;43;132;139;Pointe du Raz
2363;126;36;95;Les Glenans
2364;14;100;225;Baie de Quiberon
2365;52;24;141;Baie de Bourgneuf
2366;131;64;197;Atlantique 1
2367;62;108;117;Atlantique 2
2368;161;70;48;Atlantique 3
2369;47;83;233;Atlantique 4
2370;138;33;131;Atlantique 5
2371;146;222;46;Atlantique 6
2372;79;31;156;Pertuis Breton
2373;215;220;184;Pointe de Grave
2374;56;136;111;Cote Landaise
2375;71;242;105;Euskadian Coast
2376;210;175;103;Golfe de Gascogne oriental
2377;244;205;231;Golfe de Gascogne occidental
2378;89;165;9;Costa Verde
2379;248;85;94;Cabo de Penas
2380;50;182;122;Cabo Ortegal
2381;68;63;193;El Ferrol
2382;187;29;246;Cabo Fisterra
2383;211;114;102;Ria de Vigo
2384;161;122;81;Oceano Atlantico Norte
2385;66;7;132;Oceano Atlantico Sul
2386;87;12;1;Costa de Oporto
2387;207;225;231;Cabo Mondego
2388;135;181;113;Cabo da Roca
2389;115;62;16;North Lusitanian Sea
2390;150;80;130;South Lusitanian Sea
2391;142;141;70;Bahia de Setubal
2392;126;202;110;Cabo de Sao Vincente
2393;73;151;158;Ria Formosa
2394;163;37;132;Costa de la Luz
2395;192;181;220;Cape Trafalgar
2396;115;67;128;Middle Atlantic
2397;135;142;147;Northwestern Gulf of Cadiz
2398;210;20;84;Southwestern Gulf of Cadiz
2399;26;194;33;Golfo de Cadiz
2400;209;169;174;Cote de Larrache
2401;75;88;79;Ras Beddouza
2402;14;42;179;Ras Essaouira
2403;215;225;178;Morrocan Sea
2404;186;173;128;Cap Rhir
2405;147;173;27;Coast of Africa
2406;86;138;153;Strait of Gibraltar
2407;220;121;158;Costa del Sol
2408;82;149;71;Golfo de Almeria
2409;100;106;42;Golfo de Mazarron
2410;95;74;126;Costa Blanca
2411;82;102;149;Golfo de Valencia
2412;23;3;239;Costa del Azahar
2413;113;235;155;Costa Dorada
2414;40;150;60;Costa Brava
2415;221;17;69;Cabo Creus
2416;79;12;117;Cabo de Cavalliera
2417;94;81;154;Cabo de Formentor
2418;178;60;124;Baleares
2419;108;71;182;Ibiza
2420;128;152;200;Cabrera
2421;141;126;133;Minorca
2422;199;104;179;Formentara
2423;133;241;198;Ras Tarf
2424;1;32;95;Ras El Mar
2425;125;248;44;Cap Ferrat
2426;193;204;182;Cap Kramis
2427;52;150;160;Cap Tenes
2428;133;162;73;Algerian Coast
2429;185;143;21;Western Mediterranean
2430;122;14;210;Baie d'Alger
2431;119;162;86;Mediterranee Occidentale
2432;217;8;211;Golfe du Lion
2433;85;206;219;Cote du Languedoc
2434;51;116;126;Cote de Provence
2435;84;140;129;Cote d'Azur
2436;147;188;200;Riviera
2437;251;80;156;Golfo di Genoa
2438;157;8;152;Ligurian Sea
2439;94;203;243;Mediterranee 1
2440;218;172;41;Mediterranee 2
2441;145;202;107;Mediterranee 3
2442;233;221;54;Mediterranee 4
2443;234;142;126;Mediterranee 5
2444;76;130;138;Mediterranee 6
2445;94;6;221;Mediterranee 7
2446;240;210;254;Golfe d'Ajaccio
2447;189;84;190;Bouches de Bonifacio
2448;218;61;254;Costa di Lucania
2449;204;132;172;Cap Corse
2450;92;124;35;Arcipelago Toscano
2451;86;69;4;Lavezzi
2452;209;22;134;Capo Linaro
2453;189;26;83;Costa Smeralda
2454;237;125;206;Golfo di Gaeta
2455;193;106;66;Capo Ferrato
2456;219;181;26;Tyrrhenean Sea
2457;94;61;211;Mare Tirreneo
2458;215;29;67;Golfo di Napoli
2459;5;168;19;Golfo di Policastro
2460;28;182;62;Straits of Messina
2461;157;47;126;Isole Eolie
2462;21;53;108;Capo Gallo
2463;15;148;201;South Thyrrenean Sea
2464;90;123;45;Sardinian Channel
2465;40;245;200;Golfo di Cagliari
2466;222;112;22;Capo del Falcone
2467;67;20;147;Golfo di Oristano
2468;64;80;138;Capo Spartivento
2469;243;40;62;Ras Bougraroun
2470;56;212;166;Cap Blanc
2471;143;197;174;Golfe de Tunis
2472;157;227;171;Straits of Sicily
2473;104;126;116;Cap Bon
2474;111;160;111;Pantelleria
2475;17;81;165;Golfo di Gela
2476;200;9;109;Gozzo
2477;252;65;27;Capo Scaramia
2478;210;120;137;Capo Passero
2479;73;104;167;Golfo di Catania
2480;7;201;153;Malta Channel
2481;137;127;19;Central Mediterranean Sea
2482;85;223;71;Western Ionian Sea
2483;233;175;234;Punta Stilo
2484;4;207;224;Capo Rizzuto
2485;7;25;151;Golfo di Taranto
2486;87;10;46;Capo d'Otranto
2487;41;110;28;Northwestern Ionian Sea
2488;96;25;92;Calabrian Sea
2489;243;146;127;Puglian Sea
2490;121;243;138;Otranto Channel
2491;161;13;223;Golfo di Manfredonia
2492;77;243;166;Testa del Gargano
2493;69;195;128;Golfo di Pescara
2494;124;210;137;Golfo di Ancona
2495;210;101;109;Foci del Po
2496;49;97;133;Golfo di Venezia
2497;218;76;141;Golfo di Trieste
2498;54;205;233;Istrian Coast
2499;36;230;39;Golfo di Fiume
2500;103;171;27;Dalmatian Coast
2501;157;220;62;Hvar Channel
2502;144;14;60;North Adriatic Sea
2503;117;131;80;Mare Adriatico
2504;9;102;172;Palagruzza
2505;16;81;77;South Adriatic Sea
2506;161;21;171;Ragusan Coast
2507;80;112;211;Bouches de Kotor
2508;196;170;253;Albanian Coast
2509;127;148;32;Valona Bay
2510;198;112;100;Kerkira
2511;148;182;20;Patras Channel
2512;207;174;52;Gulf of Corinth
2513;202;96;98;Ionian Islands
2514;224;179;120;Zante Channel
2515;197;152;199;Gulf of Messini
2516;218;173;76;Ionian Sea
2517;168;190;177;Eastern Ionian Sea
2518;139;195;105;Hammamett Bay
2519;222;185;245;Golfe de Sfax
2520;29;22;35;Tunisian Sea
2521;136;103;86;Coast of Djerba
2522;120;115;46;Coast of Tripoli
2523;182;38;243;Tripolitanian Sea
2524;113;16;9;Libyan Coast
2525;253;227;12;West Lybian Sea
2526;204;111;210;Misuratah Bay
2527;249;30;118;West Gulf of Syrta
2528;125;85;235;East Gulf of Syrta
2529;201;143;223;North Lybian Sea
2530;152;125;173;Central Lybian Sea
2531;177;185;179;South Lybian Sea
2532;240;84;15;West Cyrenaican Sea
2533;89;86;27;Cyrenaican Sea
2534;83;8;20;Gulf of Benghazi
2535;85;92;156;Coast of Cyrene
2536;202;160;72;Bay of Darnah
2537;240;83;59;Southwestern Ionian Sea
2538;114;246;173;South Ionian Sea
2539;118;235;24;Southeastern Ionian Sea
2540;182;187;224;Eastern Cyrenaican Sea
2541;86;56;250;Western Cretan Sea
2542;12;226;88;Kithira
2543;244;234;85;Southwestern Cretan Sea
2544;119;42;249;South Cretan Sea
2545;13;133;117;Southeastern Cretan Sea
2546;131;138;137;Cape Matapan
2547;198;83;53;Gulf of Suda
2548;96;209;126;Santorini Channel
2549;38;147;66;Cape Lithinon
2550;87;165;91;Cape Plaka
2551;74;71;181;Kasos Channel
2552;224;183;170;Gulf of Argos
2553;162;105;189;Saronic Gulf
2554;231;249;16;Cyclades
2555;51;150;121;Southern Egean
2556;31;251;40;Dodecanese
2557;94;103;77;Karphatos
2558;98;209;52;Kara Burun
2559;249;8;85;Gulf of Tobruk
2560;159;53;173;Coast of Cirta
2561;139;190;183;Egyptian Coast
2562;171;175;81;Eastern Mediterranean 1
2563;234;127;246;Bay of Abukir
2564;5;14;60;Ras El Bayr
2565;199;184;149;Egyptian Sea
2566;107;93;38;Eastern Mediterranean 2
2567;180;235;151;Eastern Mediterranean 3
2568;211;62;219;Eastern Mediterranean 4
2569;183;209;198;Eastern Mediterranean 5
2570;23;75;118;Coast of Sinai
2571;146;10;184;Eastern Mediterranean 6
2572;86;208;252;Coast of Samaria
2573;51;160;254;Coast of Judea
2574;25;56;110;Coast of Lebanon
2575;2;237;254;Coast of Syria
2576;123;180;90;Gulf of Adana
2577;6;141;97;Cyprus Channel
2578;1;52;139;Gulf of Larnaca
2579;10;111;14;Gulf of Paphos
2580;218;160;107;Cape Apostolos
2581;63;93;39;Cape Arnauti
2582;197;228;28;Sea of Cyprus
2583;16;80;124;Cape Incekum
2584;187;76;113;Cape Anamur
2585;15;135;95;Gulf of Antalya
2586;30;42;79;Cape Yardim
2587;66;64;218;Gulf of Suez
2588;45;238;11;Gulf of Akaba
2589;52;99;181;Sporades
2590;214;5;211;Khios
2591;135;173;190;Andros
2592;53;27;88;Skyros
2593;249;23;77;Euboa Channel
2594;83;211;6;Gulf of Salonica
2595;14;104;235;Mount Athos
2596;9;218;182;Thasos
2597;203;107;172;Samothrace
2598;4;228;170;Lemnos
2599;89;13;131;Northern Egean
2600;83;44;6;Bay of Chesme
2601;75;91;182;Dardanelles
2602;2;79;70;Sea of Marmara
2603;239;73;70;Bosphore
2604;153;190;119;Thracian Coast
2605;6;131;183;Bay of Burgas
2606;171;25;240;Cape Kaliakas
2607;141;233;229;Delta Dunarea
2608;155;13;2;Ozero Bay
2609;175;85;125;Gulf of Odessa
2610;90;190;206;Mouth of the Dniepr
2611;234;193;110;Eupatoria Bay
2612;209;190;74;Gulf of Sevastopol
2613;244;34;127;Cape Sarytch
2614;35;251;5;Gulf of Feodosia
2615;21;79;174;Taman Bay
2616;251;94;53;Kertch Straits
2617;211;239;33;Arabatskaia Bay
2618;170;225;79;Bay of Berdiansk
2619;81;70;195;Sea of Azov
2620;179;92;243;Gulf of Taganrog
2621;144;45;242;Mouth of the Don
2622;7;77;29;Anapa Bay
2623;151;218;166;Region
2624;31;100;182;Coast of Abkhazia
2625;48;23;23;Coast of Georgia
2626;176;154;60;Gulf of Trapezus
2627;149;231;205;Cape Civa
2628;164;3;213;Bay of Samsun
2629;132;20;158;Cape Ince
2630;135;184;30;Cape Kerempe
2631;72;216;227;Bay of Asmara
2632;184;150;160;Gulf of Karasu
2633;212;190;20;SouthWestern Black Sea
2634;229;131;158;Black Sea 1
2635;29;109;135;Black Sea 2
2636;185;152;179;Black Sea 3
2637;2;216;245;Black Sea 4
2638;190;108;106;Black Sea 5
2639;174;75;28;Central Black Sea
2640;213;47;219;Black Sea 6
2641;70;251;97;Black Sea 7
2642;211;125;228;Black Sea 8
2643;9;91;175;Black Sea 9
2644;14;17;142;Dogu Karedeniz
2645;137;39;171;Southeastern Black Sea
2646;248;161;174;North Caspian Sea
2647;126;253;238;South Caspian Sea
2648;50;187;239;Persian Gulf
2649;14;200;250;White Sea
2650;65;202;202;Northwestern Atlantic
2651;66;202;252;Eastern Seaboard
2652;186;184;243;Lake Geneva
2653;149;213;201;Bodensee
2654;99;230;201;Vänern
2655;2;246;153;Vättern
2656;71;173;175;Hjälmaren
2657;122;166;35;Mälaren
2658;141;91;160;Lake Balaton
2659;150;175;7;Lac Van
2660;112;246;143;Lac Ourmia
2661;190;10;35;Lake Ilmen
2662;44;48;28;Lake Onega
2663;49;86;169;Lake Ladoga
2664;128;39;145;Vestfjord
2665;170;42;27;Saltfjord
2666;86;138;206;Trondheim Fjord
2667;227;190;106;Sognefjord
2668;128;141;79;Northern Norwegian Sea
2669;49;251;39;Central gulf of Botnia
2670;39;135;4;Norrland Coast
2671;11;144;144;Finland Coast
2672;89;245;171;Icelandic Sea
2673;235;117;252;Strait of Iceland
2674;163;61;28;Eastern Icelandic Sea
2675;23;196;142;Southern Icelandic Sea
2676;147;35;14;Outer Hebrides
2677;67;206;218;Northern Hebrides Sea
2678;94;45;152;Shetland Sea
2679;87;15;183;Northern Orkneys
2680;183;229;19;Eastern Orkneys
2681;44;135;78;Sea of Norway
2682;21;122;78;Norwegian Coast
2683;168;51;207;Hardangerfjord
2684;129;45;154;Norwegian Sea
2685;153;207;84;West Norwegian Sea
2686;254;55;184;Southeastern Orkneys
2687;211;168;243;Pentland Firth
2688;87;116;174;Cape Wrath
2689;211;80;139;North Minch
2690;128;148;86;Little Minch
2691;128;218;215;Sea of the Hebrides
2692;184;217;181;Firth of Lorn
2693;214;43;243;Barra Head
2694;191;178;130;Rockall
2695;92;215;38;Sea of Ireland
2696;250;164;70;Firth of Clyde
2697;155;131;79;Northern Channel
2698;103;84;28;Fair Head
2699;72;73;103;Lough Swilly
2700;141;169;5;Donegal Bay
2701;213;152;171;Blacksod Bay
2702;244;99;39;West Rockall
2703;160;194;138;North Atlantic 1
2704;201;125;155;North Atlantic 2
2705;244;242;113;North Atlantic 3
2706;151;83;140;Galway Bay
2707;137;96;238;Dingle Bay
2708;101;110;189;Bantry Bay
2709;68;241;242;Head of Kinsale
2710;154;65;225;Tramore Bay
2711;87;174;1;Saint George Channel
2712;94;93;53;Howth Head
2713;20;153;156;Dundalk Bay
2714;106;235;71;Call of Man
2715;251;233;105;Solway Firth
2716;135;89;5;Liverpool Bay
2717;241;185;157;Cardigan Bay
2718;31;135;75;Milford Haven
2719;141;141;206;Bristol Channel
2720;156;16;160;Bideford Bay
2721;247;101;61;Land's End
2722;151;69;235;Celtic Sea
2723;213;42;34;Irish Sea
2724;232;15;46;Northwestern Approaches
2725;182;168;65;Oosterschelde
2726;34;174;164;Western Approaches
2727;51;201;160;Southwestern Approaches
2728;246;148;121;Scilly Islands
2729;128;211;207;Channel Entrance
2730;185;198;78;Lizzard Point
2731;3;96;112;Ouessant
2732;28;103;135;The Sound
2733;3;177;22;Channel Islands
2734;213;89;248;Cotes d'Armor
2735;159;1;31;Golfe de St Malo
2736;60;197;145;Cap de la Hague
2737;239;120;96;Lyme Bay
2738;221;68;45;Isle of Wight
2739;137;46;104;Beachy Head
2740;237;129;1;The Channel
2741;152;250;111;Baie de Seine
2742;39;156;85;Cap d'Antifer
2743;17;152;74;Baie de Somme
2744;76;130;131;Strait of Dover
2745;136;96;236;Pas de Calais
2746;151;229;102;Peipsi Järv
2747;59;15;82;Northern Faeroes Sea
2748;17;25;121;Western Faeroes Sea
2749;160;5;101;Thames Estuary
2750;215;155;93;Orford Ness
2751;222;129;181;The Wash
2752;147;65;21;Humber
2753;140;74;13;Flamborough Head
2754;227;130;65;Tyne Coast
2755;172;28;103;St Abb's Head
2756;109;154;97;Firth of Forth
2757;74;99;130;Buchan Ness
2758;55;164;24;Kinnairds Head
2759;62;38;100;Moray Firth
2760;202;140;83;Western Scottish Sea
2761;49;172;216;South Norwegian Sea
2762;254;72;14;Thor Bank
2763;202;97;211;East Norwegian Sea
2764;29;236;68;Boknafjord
2765;124;127;226;Stavanger Coast
2766;89;96;244;Flekkefjord
2767;103;116;45;Odin Bank
2768;212;166;67;Lindesness
2769;220;15;171;Siljan
2770;67;26;173;Grimstad Cape
2771;153;21;242;Kragefjord
2772;73;53;170;Oslofjord
2773;61;232;13;Stromfjord
2774;132;202;131;Eastern Skagerrak
2775;47;22;53;Skagerrak
2776;23;73;101;Western Skagerrak
2777;218;43;14;Eastern North Sea
2778;66;130;133;North Sea
2779;16;201;191;Western North Sea
2780;79;19;231;Southwestern North Sea
2781;86;51;156;Finnish Lakes
2782;128;54;29;Maritime Alps
2783;170;57;157;Western Alps
2784;2;60;30;Pennine Alps
2785;44;63;158;Central Alps
2786;86;66;31;Otztal Alps
2787;128;69;159;Eastern Alps
2788;170;72;32;Dolomite Alps
2789;2;75;160;Pyrenees
2790;44;78;33;Pontic Mountains
2791;86;81;161;Greater Caucasus
2792;128;84;34;Lesser Caucasus
2793;170;87;162;Carpathians
2794;2;90;35;Unused112
2795;44;93;163;Unused113
2796;86;96;36;Unused114
2797;128;99;164;Unused115
2798;170;102;37;Unused116
2799;2;105;165;Unused117
2800;44;108;38;Unused118
2801;86;111;166;Unused119
2802;128;114;39;Unused120
2803;170;117;167;Unused121
2804;2;120;40;Unused122
2805;44;123;168;Unused123
2806;86;126;41;Unused124
2807;128;129;169;Unused125
2808;170;132;42;Unused126
2809;2;135;170;Unused127
2810;44;138;43;Unused128
2811;86;141;171;Unused129
2812;128;144;44;Unused130
2813;170;147;172;Unused131
2814;2;150;45;Unused132
2815;44;153;173;Unused133
2816;86;156;46;Unused134
2817;128;159;174;Unused135
2818;170;162;47;Unused136
2819;2;165;175;Unused137
2820;44;168;48;Unused138
2821;86;171;176;Unused139
2822;128;174;49;Unused140
2823;170;177;177;Unused141
2824;2;180;50;Unused142
2825;44;183;178;Unused143
2826;86;186;51;Unused144
2827;128;189;179;Unused145
2828;170;192;52;Unused146
2829;2;195;180;Unused147
2830;44;198;53;Unused148
2831;86;201;181;Unused149
2832;128;204;54;Unused150
2833;170;207;182;Unused151
2834;2;210;55;Unused152
2835;44;0;183;Unused153
2836;86;3;56;Unused154
2837;128;6;184;Unused155
2838;170;9;57;Unused156
2839;2;12;185;Unused157
2840;44;15;58;Unused158
2841;86;18;186;Unused159
2842;128;21;59;Unused150
2843;170;24;187;Unused161
2844;2;27;60;Unused162
2845;44;30;188;Unused163
2846;86;33;61;Unused164
2847;128;36;189;Unused165
2848;170;39;62;Unused166
2849;2;42;190;Unused167
2850;44;45;63;Unused168
2851;86;48;191;Unused169
2852;128;51;64;Unused170
2853;170;54;192;Unused171
2854;2;57;65;Unused172
2855;44;60;193;Unused173
2856;86;63;66;Unused174
2857;128;66;194;Unused175
2858;170;69;67;Unused176
2859;2;72;195;Unused177
2860;44;75;68;Unused178
2861;86;78;196;Unused179
2862;128;81;69;Unused180
2863;170;84;197;Unused181
2864;2;87;70;Unused182
2865;44;90;198;Unused183
2866;86;93;71;Unused184
2867;128;96;199;Unused185
2868;170;99;72;Unused186
2869;2;102;200;Unused187
2870;44;105;73;Unused188
2871;86;108;201;Unused189
2872;128;111;74;Unused190
2873;170;114;202;Unused191
2874;2;117;75;Unused192
2875;225;192;92;Unused193
2876;39;167;27;Unused194
2877;228;230;168;Unused65
2878;131;27;100;Unused66
